address,price,floor_size,bathrooms,bedrooms,est_mortgage,zprice,latitude,longitude,FACTS,FEATURES,APPLIANCES INCLUDED,ROOM TYPES,CONSTRUCTION,ADDITIONAL FEATURES,OTHER
"124 Mackenzie St,Brooklyn, NY 11235","$520,000 ","2,700 sqft",4 baths,3 beds,"$1,966 ","$1,519,349 ",40580120,-73940420,,"900 sqft basementAtticDeckFinished basementFlooring: Hardwood, TileIntercomParking: Garage - Detached, Off street, On street, 3 spaces, 400 sqft garagePatioSkylight","DishwasherDryerMicrowaveRefrigeratorWasher","Dining roomFamily roomLaundry roomMaster bathOfficeRecreation roomWalk-in closet","Exterior material: StuccoRoof type: CompositionRoom count: 7Stories: 2Structure type: ContemporaryUnit count: 1","Jacuzzi / WhirlpoolLiving roomParking Type: Garage Detached","Floor size: 2,700 sqftHeating: GasLast remodel year: 2016Laundry: In UnitParcel #: 087550025Zillow Home ID: 30791246"
"36 Claver Pl,Brooklyn, NY 11238","$3,195,000 ","4,500 sqft",6 baths,6 beds,"$12,596 ","$2,649,417 ",40682095,-73957780,"Lot: 2,000 sqftMulti FamilyBuilt in 19013 days on ZillowViews since listing: 1,243All time views: 20,26521 shoppers saved this homeCooling: CentralLast sold: May 2015 for $1,540,000Price/sqft: $710MLS #: S9330241699","DeckFenced YardFinished basementFireplaceFlooring: HardwoodGardenIntercomLawnMother-in-Law ApartmentParking: NonePatio","DishwasherDryerWasher","Dining roomFamily roomLibraryOfficeWalk-in closet","Exterior material: OtherStories: 4Structure type: ModernUnit count: 2","Vintage","Floor size: 4,500 sqftLast remodel year: 1901Laundry: In UnitParcel #: 019940040Zillow Home ID: 30614270"
"755 Belmont Ave # 01,Brooklyn, NY 11208","$499,000 ",#NAME?,3 baths,4 beds,"$1,913 ",,40672760,-73881840,"Baths: 2 full, 1 halfSingle Family4 days on ZillowViews since listing: 2,721All time views: 2,72237 shoppers saved this homeView Virtual Tour","",,,,,"Last remodel year: 2017Zillow Home ID: 2095396406"
"250 W 15th St APT I,New York, NY 10011","$850,000 ",725 sqft,1 bath,1 bed,"$3,351 ","$901,980 ",40739900,-74001400,"CooperativeBuilt in 19308 days on ZillowViews since listing: 1,770All time views: 1,98726 shoppers saved this homeHOA Fee: $1,072/moPrice/sqft: $1,172MLS #: 775204","ElevatorFireplaceGardenPatio","Dishwasher",,"Unit count: 59","bike_roomcatsco_purchasedogsgiftslive_in_superpets","Floor size: 725 sqftZillow Home ID: 2100550953"
"2318 E 63rd St,Brooklyn, NY 11234","$1,890,000 ","4,800 sqft",4 baths,4 beds,"$7,451 ","$1,711,219 ",40612465,-73909960,,"1600 sqft basementBarbecueCable ReadyControlled AccessDeckDouble Pane/Storm WindowsFenced YardFinished basementFireplaceFlooring: Hardwood, Tile, OtherIntercomJetted TubLawnParking: Carport, On street, 2 spacesPatioPorchSecurity SystemSkylightSprinkler SystemStorageVaulted CeilingView: TerritorialWet BarWired","DishwasherDryerFreezerGarbage disposalMicrowaveRange / OvenRefrigeratorWasher","Breakfast nookDining roomFamily roomLaundry roomLibraryMaster bathOfficeRecreation roomSun roomWalk-in closet","Exterior material: Brick, Metal, Other, StoneRoom count: 10Stories: 2Structure type: Other",,"Floor size: 4,800 sqftHeating: GasLast remodel year: 1995Laundry: In UnitParcel #: 086550017Zillow Home ID: 30789054"
"445 W 240th St APT 2K,Bronx, NY 10463","$319,000 ",850 sqft,1 bath,1 bed,"$1,223 ","$292,405 ",40888595,-73904479,"CondoBuilt in 19497 days on ZillowViews since listing: 2,313All time views: 2,39321 shoppers saved this homeHOA Fee: $410/moLast sold: Sep 2008 for $225,000Price/sqft: $375","Elevator",,,"Unit count: 78","Amenities: Close to Bus, Close to Railroad, Close to Shops, Elevator, Master Bath, Close to School, Laundry Room/Common, Hardwood Floors As Seen, Close to ParkProperty Type: CondominiumStatus: ActiveAir Conditioning: Window UnitsUtilities Included: Heat, Hot Water, Gas, Electric, Air Conditioning, Water, SewerPost Office: BronxSiding Description: BrickWater Description: MunicipalStyle: Mid Rise, ApartmentYear Built Exception: ActualParking: Street Parking, Garage ParkingHoa Fee Includes: Exterior Maintenance, Snow Removal, Common Area Costs, Trash Collection, Water/Sewer, Other/See RemarksGarbage: PublicHeating Fuel: Oil Below GroundHotwater: Indirect TankHeating Type: RadiatorSq Ft Source: OtherTax Source: MunicipalityTax Year: 2016Construction Description: BrickIncluded: Dishwasher, Oven/Range, RefrigeratorSewer Description: MunicipalPets: No RestrictionsTax Amount: 2713","Floor size: 850 sqftParcel #: 057801015Zillow Home ID: 29852332"
"5915 Madison St,Ridgewood, NY 11385","$1,299,000 ",#NAME?,2 baths,5 beds,"$5,121 ","$1,077,154 ",40706100,-73901360,"Lot: 2,500 sqftMulti FamilyBuilt in 19209 days on ZillowViews since listing: 1,132All time views: 4,1517 shoppers saved this home","","Range / OvenRefrigerator",,"Room count: 11Unit count: 2",,"Heating: GasZillow Home ID: 2097548369"
"8303 10th Ave,Brooklyn, NY 11228","$999,000 ","1,535 sqft",1 bath,3 beds,"$3,939 ","$929,313 ",40619505,-74018580,,"Finished basementFlooring: HardwoodParking: Garage - Detached, 1 space","Range / OvenRefrigerator","Dining room","Exterior material: Brick, StuccoRoom count: 6Stories: 2Structure type: Colonial",,"Floor size: 1,535 sqftLast remodel year: 1899Parcel #: 060220009Zillow Home ID: 30699048"
"13018 148th St # 1,Jamaica, NY 11436","$499,000 ",#NAME?,3 baths,3 beds,"$1,913 ","$477,226 ",40668300,-73790400,,"",,,,,"Last remodel year: 2017Zillow Home ID: 2095426224"
"12008 Springfield Blvd # 01,Cambria Heights, NY 11411","$469,000 ",#NAME?,3 baths,3 beds,"$1,798 ",,40690510,-73746770,,"",,,,,"Last remodel year: 2017Zillow Home ID: 2095383926"
"2500 Johnson Ave APT 17S,Bronx, NY 10463","$315,000 ",919 sqft,1 bath,1 bed,"$1,208 ","$310,723 ",40876770,-73917709,,"DeckDoormanElevatorFitness CenterPoolStorageView: City, Water",,,"Room count: 3Unit count: 339",,"Floor size: 919 sqftLast remodel year: 1984Parcel #: 05716050002500000000017SZillow Home ID: 123824055"
"74 2nd St # 2,Staten Island, NY 10306","$269,000 ",800 sqft,1 bath,2 beds,"$1,031 ","$455,074 ",40573990,-74120270,,"AtticCable ReadyCeiling FanDouble Pane/Storm WindowsFlooring: Carpet, HardwoodPartial basementTransportation","DishwasherDryerFreezerRange / OvenRefrigeratorWasher","Laundry room","Exterior material: BrickRoom count: 4Stories: 2",,"Floor size: 800 sqftZillow Home ID: 2095683124"
"172 Schaefer St,Brooklyn, NY 11207","$799,000 ","1,926 sqft",2 baths,6 beds,,(2/1),40689145,-73907980,,"",,,"Exterior material: BrickStories: 2","Residential Style: Two StoryConstruction Type: FrameSewer Type: MunicipalWater Source Type: MunicipalView Street: yesHOA or Building Fee: 0.00","Floor size: 1,926 sqftLast remodel year: 1910Parcel #: 034290015Zillow Home ID: 30630504"
"11038 168th St,Jamaica, NY 11433","$499,999 ","1,500 sqft",3 baths,4 beds,"$1,917 ","$470,916 ",40694070,-73784370,,"","Refrigerator","Dining room","Exterior material: BrickStories: 2Structure type: Colonial","Detached: DetDriveway: PvtEat In Kitchen: YHeat: HwLast Status Change: EXTPicture: YSTATUS: AWater: PublicSewer: YFuel: GasZone: 14# Fireplaces: 0# Kitchens: 1Dryer: 0Washer: 0County: QueensMBR 1ST FLOOR: Y","Floor size: 1,500 sqftLast remodel year: 2016Parcel #: 101980012Zillow Home ID: 32139412"
"17427 127th Ave # 1,Jamaica, NY 11434","$429,000 ",#NAME?,2 baths,3 beds,"$1,645 ","$466,277 ",40680910,-73768650,,"Cable ReadyFinished basementFlooring: Hardwood","DishwasherMicrowaveRange / OvenRefrigerator","Breakfast nookDining roomLaundry room",,,"Zillow Home ID: 2095536037"
"2882 W 15th St APT 3B,Brooklyn, NY 11224","$660,000 ","1,498 sqft",2 baths,3 beds,"$2,576 ","$1,006,626 ",40577172,-73982982,,"Cable ReadyControlled AccessElevatorFlooring: Hardwood, Laminate, Tile, OtherIntercomPatioSecurity SystemStorageTransportationView: City, TerritorialWired","DishwasherDryerFreezerMicrowaveRange / OvenRefrigeratorWasher","Breakfast nookDining roomFamily roomMaster bathRecreation roomWalk-in closet","Exterior material: Brick, OtherRoof type: OtherRoom count: 7Stories: 5",,"Floor size: 1,498 sqftUnit floor #: 3Zillow Home ID: 2095705040"
"519 Court St,Brooklyn, NY 11231","$2,550,000 ","2,700 sqft",3 baths,2 beds,"$10,054 ","$2,686,206 ",40674970,-73999150,,"FireplaceFlooring: HardwoodGardenPartial basementView: City","DishwasherRange / OvenRefrigerator",,"Exterior material: BrickStories: 3Unit count: 2",,"Floor size: 2,700 sqftParcel #: 004780009Zillow Home ID: 30573179"
"57 Mimosa Ln,Staten Island, NY 10312","$479,000 ","1,690 sqft",3 baths,3 beds,"$1,836 ",,40552054,-74199310,,"BarbecueCable ReadyDeckDouble Pane/Storm WindowsFenced YardFinished basementFlooring: LaminateParking: Garage - AttachedPool","DishwasherDryerMicrowaveWasher","Dining roomFamily roomLaundry room","Exterior material: Brick, VinylRoof type: Shake ShingleRoom count: 7Stories: 0Structure type: Contemporary",,"Floor size: 1,690 sqftHeating: GasLast remodel year: 1980Laundry: In UnitParcel #: 060220169Zillow Home ID: 32362345"
"9740 77th St,Jamaica, NY 11416","$829,999 ","2,675 sqft",3 baths,8 beds,"$3,272 ","$648,574 ",40680620,-73861085,,"Parking: Garage - Attached, 200 sqft garage",,,"Stories: 2Unit count: 3",,"Floor size: 2,675 sqftLast remodel year: 1925Parcel #: 090480026Zillow Home ID: 32112217"
"42 Duncan Rd,Staten Island, NY 10301","$824,000 ","1,980 sqft",2 baths,5 beds,"$3,249 ","$668,408 ",40624840,-74091070,,"AtticBarbecueCable ReadyCeiling FanDeckDouble Pane/Storm WindowsFenced YardFinished basementFlooring: HardwoodGardenParking: Off streetSkylight","DishwasherDryerMicrowaveRange / OvenRefrigeratorWasher","Dining roomFamily roomOfficeWorkshop","Exterior material: VinylRoof type: AsphaltRoom count: 8Stories: 3Structure type: Victorian","Roof Garden","Floor size: 1,980 sqftHeating: GasLast remodel year: 2015Laundry: In UnitParcel #: 005910059Zillow Home ID: 32286317"
"170 Stratford Rd,Brooklyn, NY 11218","$2,495,000 ","3,908 sqft",5 baths,7 beds,,(1/3),40644510,-73969114,,"600 sqft basementLawnParking: Garage - DetachedPorch",,,"Exterior material: WoodStories: 3Structure type: VictorianUnit count: 1",,"Floor size: 3,908 sqftLast remodel year: 1905Parcel #: 051140012Zillow Home ID: 30666646"
"8458 249th St # 1,Jamaica, NY 11426","$695,000 ",#NAME?,4 baths,4 beds,"$2,712 ","$649,560 ",40734200,-73717970,,"Parking: Garage - Detached, Off street, On street, 1 space",,,"Exterior material: BrickStories: 2",,"Last remodel year: 2017Zillow Home ID: 2095650878"
"290 W 232nd St APT 11D,Bronx, NY 10463","$285,000 ",942 sqft,1 bath,2 beds,"$1,093 ","$250,485 ",40881400,-73907300,,"ElevatorStorage",,,"Unit count: 117","Amenities: Close to Bus, Close to Railroad, Close to School, Close to Shops, Elevator, Storage, View, Balcony, Security System, Hardwood Floors As Seen, Close to Park, Granite CountertopsHeating Type: Hot WaterParking: Assigned, Garage ParkingProperty Type: Co-OperativeStatus: ActiveUtilities Included: Heat, Hot Water, Gas, Cable, SewerAir Conditioning: Window UnitsPost Office: BronxStyle: High RiseVillage: RiverdaleGarbage: PublicHeating Fuel: Oil Above GroundWater Description: MunicipalHotwater: On DemandSq Ft Source: OtherYear Built Exception: ActualIncluded: A/C Units, IntercomSewer Description: MunicipalPets: No Dogs","Floor size: 942 sqftZillow Home ID: 2095560001"
"346 E 51st St,New York, NY 10022","$5,900,000 ","6,400 sqft",9 baths,9 beds,"$23,261 ","$9,601,872 ",40754700,-73966500,,"FireplaceGarden","DishwasherDryerWasher",,"Unit count: 7",,"Floor size: 6,400 sqftLaundry: In UnitZillow Home ID: 2115535138"
"153 W 126th St,New York, NY 10027","$2,495,000 ","3,000 sqft",4 baths,4 beds,"$9,837 ","$5,130,740 ",40809300,-73946800,,"800 sqft basementFireplaceFlooring: HardwoodGardenJetted TubParking: Off streetPartial basementPatioSkylightSprinkler SystemVaulted Ceiling","DishwasherDryerRange / OvenRefrigeratorWasher","Dining room","Exterior material: Cement concreteRoom count: 11Stories: 4Unit count: 2","Living roomSecured entryVintage","Floor size: 3,000 sqftLast remodel year: 2005Laundry: In UnitZillow Home ID: 2104533654"
"103-26 68th Ave # 2,Forest Hills, NY 11375","$290,000 ",780 sqft,1 bath,1 bed,"$1,112 ","$438,483 ",40725876,-73850119,,"",,,,,"Floor size: 780 sqftZillow Home ID: 2098571319"
"2925 Matthews Ave APT 2B,Bronx, NY 10467","$129,000 ","1,100 sqft",1 bath,2 beds,$506 ,"$230,813 ",40868276,-73862549,,"ElevatorStorageTransportation",,,"Stories: 6","PropertySubType: Single Family DetachedPropertyType: Residential","Floor size: 1,100 sqftZillow Home ID: 2102897882"
"2229 Knapp St APT 1H,Brooklyn, NY 11229","$188,888 ",950 sqft,1 bath,2 beds,$740 ,(12/28),40598410,-73933620,"CooperativeBuilt in 195273 days on ZillowViews since listing: 10,903All time views: 10,97292 shoppers saved this homeHOA Fee: $995/moParking: Garage - Detached, On streetPrice/sqft: $199View Virtual Tour","Cable ReadyCeiling FanDisability AccessDouble Pane/Storm WindowsElevatorFlooring: Carpet, Hardwood, TileGardenIntercomLawnPorchSecurity SystemTransportationView: City, ParkWired","DishwasherRange / OvenRefrigerator","Family room","Exterior material: Brick, Cement concreteRoof type: CompositionStructure type: Other",,"Floor size: 950 sqftZillow Home ID: 2096207777"
"71 Sullivan St APT 3A,New York, NY 10012","$580,000 ",#NAME?,1 bath,1 bed,"$2,263 ","$918,448 ",40724400,-74003900,"CooperativeBuilt in 190071 days on ZillowViews since listing: 15,880All time views: 19,374125 shoppers saved this homeHOA Fee: $942/moMLS #: 753479","Storage",,,"Room count: 3Structure type: LoftUnit count: 22","Eat-in KitchenPre-War","Zillow Home ID: 2110636108"
"7507 Aquatic Dr,Arverne, NY 11692","$699,000 ","2,238 sqft",3 baths,3 beds,"$2,728 ","$646,523 ",40589280,-73803230,,"Cable ReadyDeckFenced YardFireplaceFlooring: Hardwood, Linoleum / VinylParking: Garage - Attached, On street, 1 spacePatioSecurity SystemWired","DishwasherDryerGarbage disposalRange / OvenRefrigeratorWasher","Breakfast nookDining roomFamily room","Exterior material: WoodRoom count: 8",,"Floor size: 2,238 sqftHeating: GasLaundry: In UnitZillow Home ID: 2096807699"
"1215 Jefferson Ave,Brooklyn, NY 11221","$1,349,000 ","3,390 sqft",4 baths,6 beds,"$5,319 ","$1,387,771 ",40691125,-73913775,,"Patio","DryerWasher",,"Stories: 2Unit count: 3","OtherSmoke Free","Floor size: 3,390 sqftLast remodel year: 1905Laundry: In UnitParcel #: 033820047Zillow Home ID: 30628723"
"3305 Fulton St,Brooklyn, NY 11208","$509,000 ","3,600 sqft",2 baths,6 beds,"$1,951 ","$639,086 ",40683520,-73873470,,"Fireplace",,,"Exterior material: BrickStories: 3Structure type: OtherUnit count: 1",,"Floor size: 3,600 sqftParcel #: 041290061Zillow Home ID: 30642759"
"815 Trinity Ave # M3,Bronx, NY 10456","$260,000 ","1,181 sqft",2 baths,3 beds,$997 ,(12/5),40820406,-73907097,,"Cable ReadyCeiling FanFlooring: Carpet, HardwoodGardenGated EntryPatioSecurity SystemTransportation",,"Laundry room","Exterior material: OtherStories: 2Structure type: OtherUnit count: 1","Finished storage area with extra closet spaces","Floor size: 1,181 sqftHeating: Electric, GasParcel #: 026301003Zillow Home ID: 29779073"
"2649 E 23rd St # 3A,Brooklyn, NY 11235","$500,000 ",918 sqft,1 bath,2 beds,"$1,917 ","$590,844 ",40587700,-73946200,,"","Dishwasher",,,,"Floor size: 918 sqftZillow Home ID: 2096676558"
"49 Seafoam St,Staten Island, NY 10306","$98,000 ",612 sqft,1 bath,2 beds,$388 ,"$159,306 ",40563860,-74099045,,"View: Park, Water",,"Dining room","Exterior material: OtherStories: 1Structure type: Bungalow","Detached: DetEat In Kitchen: YPicture: YSTATUS: ALast Status Change: PCForeclose?: YBasement: NoneStyle: CottageHeat: -County: OZone: 99Fuel: -# Fireplaces: 0# Kitchens: 1Dryer: 0Washer: 0Refrigerator: 0MBR 1ST FLOOR: Y","Floor size: 612 sqftLast remodel year: 1920Parcel #: 040800012Zillow Home ID: 32335808"
"4219 216th St,Bayside, NY 11361","$1,888,000 ",#NAME?,5 baths,6 beds,"$7,444 ","$1,142,932 ",40763340,-73766310,,"1300 sqft basementAtticCable ReadyDouble Pane/Storm WindowsFinished basementFlooring: Hardwood, TileVaulted Ceiling","DishwasherDryerMicrowaveRange / OvenRefrigeratorWasher","Dining roomLaundry roomMaster bath","Room count: 14",,"Last remodel year: 2016Laundry: In UnitZillow Home ID: 2096254076"
"2649 E 23rd St # 1A,Brooklyn, NY 11235","$315,000 ",487 sqft,1 bath,1 bed,"$1,208 ","$442,504 ",40587700,-73946200,"Condo95 days on ZillowViews since listing: 8,115All time views: 8,11556 shoppers saved this homeHOA Fee: $280/moPrice/sqft: $647","","Dishwasher",,,,"Floor size: 487 sqftZillow Home ID: 2096428230"
"1885 Lexington Ave APT 7B,New York, NY 10035","$699,000 ",#NAME?,1 bath,2 beds,"$2,728 ","$890,576 ",40799533,-73940650,,"955 sqft basementCable ReadyControlled AccessDoormanDouble Pane/Storm WindowsElevatorFlooring: HardwoodIntercomSecurity SystemStorageTransportationView: CityWired","DishwasherDryerMicrowaveRange / OvenRefrigeratorWasher",,"Room count: 4Stories: 7","washer dryervirtual doormanroofdeckprivate garden plot","Parcel #: 1645110201885000000007BZillow Home ID: 119909039"
"1464 66th St APT 1,Brooklyn, NY 11219","$1,600,000 ",#NAME?,5 baths,6 beds,"$6,308 ","$1,887,349 ",40623360,-73998990,,"Parking: On streetView: City",,,"Exterior material: Brick, Cement concreteRoof type: Built upStories: 3Unit count: 5",,"Zillow Home ID: 2097073366"
"2642 E 27th St,Brooklyn, NY 11235","$719,000 ","1,600 sqft",2 baths,3 beds,"$2,806 ","$734,699 ",40588165,-73942765,,"Fenced YardGardenParking: On street",,,"Exterior material: StuccoRoof type: Shake ShingleStories: 2Unit count: 1",,"Floor size: 1,600 sqftLast remodel year: 1910Parcel #: 074710023Zillow Home ID: 30750028"
"671 47th St APT 4A,Brooklyn, NY 11220","$430,000 ",825 sqft,1 bath,2 beds,"$1,648 ","$453,340 ",40644542,-74004364,,"Storage",,,"Stories: 4Unit count: 16",,"Floor size: 825 sqftParcel #: 00758004800671000000004AUnit floor #: 1Zillow Home ID: 79709677"
"2925 W 5th St APT 2B,Brooklyn, NY 11224","$325,000 ","1,025 sqft",1 bath,2 beds,"$1,246 ","$821,039 ",40577700,-73971900,,"Storage",,,"Unit count: 528",,"Floor size: 1,025 sqftZillow Home ID: 2100158147"
"77 Fulton St APT 4D,New York, NY 10038","$1,250,000 ",#NAME?,1 bath,2 beds,"$4,928 ",(1/30),40709300,-74003600,,"DoormanElevatorStorage","Dishwasher",,,,"Zillow Home ID: 2100555273"
"458 Neptune Ave APT 10B,Brooklyn, NY 11224","$399,000 ",950 sqft,1 bath,2 beds,"$1,530 ","$826,163 ",40578900,-73971100,,"BarbecueElevatorFitness CenterPatioStorageView: City",,,"Exterior material: BrickStories: 23Unit count: 1642",,"Floor size: 950 sqftUnit floor #: 10Zillow Home ID: 2095842064"
"1145 E 10th St,Brooklyn, NY 11230","$1,400,000 ","2,242 sqft",4 baths,6 beds,"$5,520 ",(1/27),40621110,-73965195,,"",,,"Stories: 2",,"Floor size: 2,242 sqftLast remodel year: 1930Parcel #: 065360066Zillow Home ID: 30716817"
"1721 Menahan St,Ridgewood, NY 11385","$1,900,000 ","4,875 sqft",6 baths,18 beds,"$7,491 ","$1,163,210 ",40703930,-73911290,,"",,,"Unit count: 6",,"Floor size: 4,875 sqftZillow Home ID: 2097248474"
"3298 Amboy Rd,Staten Island, NY 10306","$449,000 ",960 sqft,2 baths,3 beds,"$1,721 ",(1/31),40560370,-74134665,,"960 sqft basementBarbecueDeckFenced YardLawnParking: Carport, Off street, 8 spacesPatioPorch",,,"Exterior material: Brick, Stone, WoodRoof type: Shake ShingleStories: 1Structure type: Ranch",,"Floor size: 960 sqftLast remodel year: 1955Parcel #: 049640016Zillow Home ID: 32344466"
"116 28th Ave,Brooklyn, NY 11214","$1,200,000 ","3,200 sqft",5 baths,4 beds,"$4,731 ","$1,421,094 ",40588210,-73986935,,"1000 sqft basementBarbecueCable ReadyCeiling FanDeckDouble Pane/Storm WindowsFenced YardFinished basementFireplaceFlooring: Hardwood, TileFurnishedIntercomJetted TubParking: On streetPoolSaunaSecurity SystemSkylightStorageTransportationWired","DishwasherDryerFreezerMicrowaveRange / OvenRefrigeratorWasher","Dining roomFamily roomLaundry roomMaster bathPantryWalk-in closet","Exterior material: BrickRoof type: Shake ShingleStories: 2Structure type: OtherUnit count: 3","heated pooloutdoor stainless steel kitchensecurity and camera systemmulti zoned central aircustom built deck and steel beam support.","Floor size: 3,200 sqftLast remodel year: 2004Laundry: In UnitParcel #: 069150016Zillow Home ID: 30731535"
"1221 E 223rd St,Bronx, NY 10466","$399,000 ",960 sqft,3 baths,4 beds,"$1,530 ","$344,524 ",40881500,-73846235,,"DeckFenced YardPatioTransportation",,,"Exterior material: Shingle, Wood productsStories: 2Structure type: Other",,"Floor size: 960 sqftLast remodel year: 1955Parcel #: 048980035Zillow Home ID: 29834242"
"458 Neptune Ave APT 9L,Brooklyn, NY 11224","$399,000 ","1,000 sqft",1 bath,2 beds,"$1,530 ","$851,321 ",40578900,-73971100,,"ElevatorStorageWaterfront",,,"Unit count: 572",,"Floor size: 1,000 sqftZillow Home ID: 2095965038"
"9910 216th St # 1,Queens Village, NY 11429","$469,000 ",#NAME?,3 baths,3 beds,"$1,798 ","$522,823 ",40712900,-73742900,,"",,,,,"Last remodel year: 2016Zillow Home ID: 2096060275"
"13902 Lakewood Ave # 000,Jamaica, NY 11435","$420,000 ",#NAME?,3 baths,4 beds,"$1,610 ","$475,064 ",40686200,-73804700,,"Parking: Carport, Off street",,,,,"Zillow Home ID: 2095994682"
"6660 80th St APT 109,Flushing, NY 11379","$549,000 ","1,300 sqft",2 baths,2 beds,"$2,142 ","$563,214 ",40714287,-73871767,"CondoBuilt in 1985220 days on ZillowViews since listing: 14,507All time views: 14,58249 shoppers saved this homeHOA Fee: $422/moParking: Off streetLast sold: Sep 2000 for $150,000Price/sqft: $422","Finished basementFlooring: TileIntercomSecurity System","Range / OvenRefrigerator","Dining roomFamily roomMaster bath","Exterior material: BrickStories: 1Unit count: 1",,"Floor size: 1,300 sqftParcel #: 030701013Zillow Home ID: 31998556"
"10755 164th St,Jamaica, NY 11433","$439,000 ","1,212 sqft",3 baths,4 beds,"$1,683 ","$461,246 ",40697225,-73790345,,"BarbecueFenced YardGardenParking: On street","Refrigerator","Dining room","Exterior material: StuccoStories: 2Structure type: Colonial","Detached/Attached: DetEat In Kitchen: YHeat: HwPicture: YSTATUS: AFuel: GasZone: 14Last Status Change: NEW# Fireplaces: 0# Kitchens: 1County: QueensMBR 1ST FLOOR: Y","Floor size: 1,212 sqftLast remodel year: 2016Parcel #: 101670004Zillow Home ID: 32138805"
"15135 84th St FL 5,Howard Beach, NY 11414","$235,000 ",750 sqft,1 bath,1 bed,$921 ,"$351,311 ",40669500,-73848800,,"Elevator","Dishwasher",,"Stories: 5","HOA or Building Fee: 0.00Appliance Oven: yesFloor Number of Unit: 5Building Smoking Allowed: yes","Floor size: 750 sqftUnit floor #: 5Zillow Home ID: 2096056101"
"278 Bradley Ave,Staten Island, NY 10314","$449,000 ",960 sqft,1 bath,2 beds,"$1,721 ","$435,736 ",40604560,-74131914,,"400 sqft basementCable ReadyCeiling FanDeckDouble Pane/Storm WindowsFenced YardFlooring: Hardwood, TileGardenLawnParking: Off streetPartial basementTransportationView: Mountain","DishwasherDryerRange / OvenRefrigeratorWasher",,"Exterior material: VinylRoom count: 4Stories: 2Structure type: ColonialUnit count: 1",,"Floor size: 960 sqftHeating: GasLast remodel year: 2012Laundry: In UnitParcel #: 007740104Zillow Home ID: 32291275"
"10444 91st Ave,Richmond Hill, NY 11418","$595,000 ",#NAME?,3 baths,4 beds,"$2,322 ","$788,605 ",40693100,-73840600,,"",,,,,"Zillow Home ID: 2096638245"
"458 Neptune Ave # 6,Brooklyn, NY 11224","$360,000 ","1,000 sqft",1 bath,2 beds,"$1,380 ","$846,673 ",40578900,-73971100,,"ElevatorWaterfront",,,"Unit count: 572",,"Floor size: 1,000 sqftZillow Home ID: 2097893838"
"16018 121st Ave,Jamaica, NY 11434","$759,000 ",#NAME?,5 baths,6 beds,"$2,962 ","$702,449 ",40673235,-73775238,,"",,,,,"Zillow Home ID: 2098998941"
"2809 E 28th St # 3C,Brooklyn, NY 11235","$629,000 ","1,475 sqft",3 baths,3 beds,"$2,455 ","$637,822 ",40584787,-73940832,,"AtticCable ReadyDeckDouble Pane/Storm WindowsFlooring: Hardwood, TileHot Tub/SpaIntercomJetted TubPatioSaunaSkylightStorageTransportationVaulted CeilingView: City, WaterWaterfrontWet BarWired","DishwasherDryerMicrowaveRange / OvenRefrigeratorTrash compactorWasher",,"Exterior material: BrickStories: 2Structure type: ModernUnit count: 9","Borough: BrooklynA/C UnitDishwasherDryerLaundry AreaMicrowaveRefrigeratorStoveWasherWindow TreatmentsHousing Certificate Y/N: YesProperty Type: CondoRegion: BrooklynUtilitiesIncluded: Parking","Floor size: 1,475 sqftParcel #: 087921009Zillow Home ID: 62649422"
"2001 Palmetto St,Ridgewood, NY 11385","$2,398,000 ","6,250 sqft",5 baths,12 beds,"$9,454 ","$1,164,356 ",40706086,-73904559,,"1875 sqft basement","Refrigerator","Dining room","Stories: 0Unit count: 4","Class: ResEat In Kitchen: YFuel: GasHeat: SteamLast Status Change: NEWPicture: YSTATUS: AZone: 10Detached/Attached: SdStyle: OtherLIST TYPE: PDryer: 0# Fireplaces: 0Washer: 0Basement/Subfloor: Full# Kitchens: 4County: Queens","Floor size: 6,250 sqftZillow Home ID: 2096541772"
"32-44 47th St,Long Island City, NY 11103","$1,240,000 ","2,700 sqft",4 baths,5 beds,"$4,889 ","$1,293,836 ",40755365,-73914565,,"Parking: Garage - Detached, 2 spaces","Refrigerator","Dining room","Stories: 4Structure type: OtherUnit count: 2","Attic: YClass: ResFuel: GasHeat: SteamLast Status Change: NEWPicture: YSTATUS: ADetached/Attached: AttDen/Family Room: YOffice: YZone: 11Driveway: PtyStyle: DuplexDryer: 0# Fireplaces: 0# Kitchens: 2Washer: 0Basement/Subfloor: Finished, Full Bathroom, Huge Closets, 3 Separate EntrancesCounty: Queens","Floor size: 2,700 sqftLast remodel year: 1930Parcel #: 007220056Zillow Home ID: 31942303"
"9004 187th Pl # 1,Hollis, NY 11423","$799,000 ","3,200 sqft",3 baths,6 beds,"$3,150 ","$936,315 ",40711980,-73772480,,"",,,,,"Floor size: 3,200 sqftZillow Home ID: 2095965328"
"65 W End Ave # 2,Brooklyn, NY 11235","$995,000 ","1,455 sqft",2 baths,2 beds,"$3,923 ","$974,235 ",40580100,-73953300,,"Elevator","Dishwasher",,"Unit count: 5",,"Floor size: 1,455 sqftZillow Home ID: 2096333466"
"10 W 66th St APT 22F,New York, NY 10023","$3,400,000 ","2,150 sqft",3 baths,4 beds,"$13,405 ",(1/24),40772400,-73979800,,"DoormanElevatorPatioView: City, Park","Dishwasher",,"Room count: 7Stories: 32Unit count: 288","North South and West exposuresBalcony Full city view Full park view Full skyline view Floors - herringbone Light - excellent Marble bath Walk in closets Great closet space Dishwasher","Floor size: 2,150 sqftZillow Home ID: 2099010779"
"140 Sinclair Ave,Staten Island, NY 10312","$574,000 ","1,176 sqft",1 bath,3 beds,"$2,240 ",(1/13),40547514,-74184825,,"1176 sqft basementFenced YardLawnParking: Off street",,,"Exterior material: Brick, VinylRoof type: Shake ShingleStories: 1Structure type: Ranch",,"Floor size: 1,176 sqftLast remodel year: 1965Parcel #: 062350027Zillow Home ID: 32364528"
"2918 Brighton 6th St APT 3A,Brooklyn, NY 11235","$629,000 ","1,170 sqft",2 baths,3 beds,"$2,455 ","$892,877 ",40579860,-73962420,,"Cable ReadyCeiling FanControlled AccessDisability AccessElevatorFinished basementFlooring: Carpet, Hardwood, Laminate, TileGated EntryIntercomJetted TubPatioSecurity SystemSprinkler SystemStorageTransportationView: City, TerritorialWired","DishwasherDryerFreezerGarbage disposalMicrowaveRange / OvenRefrigeratorTrash compactorWasher","Breakfast nookDining roomFamily roomLaundry roomMaster bathOfficeWalk-in closet","Exterior material: BrickRoom count: 6Stories: 6Structure type: Modern",,"Floor size: 1,170 sqftUnit floor #: 3Zillow Home ID: 2098637682"
"25312 Brattle Ave,Little Neck, NY 11362","$925,000 ","1,616 sqft",2 baths,3 beds,"$3,647 ","$951,980 ",40767926,-73729379,,"400 sqft basementAtticBarbecueCable ReadyDouble Pane/Storm WindowsFenced YardFinished basementFireplaceFlooring: HardwoodGardenJetted TubLawnParking: Garage - Attached, 1 space, 400 sqft garagePatioPorchSecurity SystemSprinkler SystemStorageTransportationView: CityWet BarWired","DishwasherDryerMicrowaveRefrigeratorWasher","Dining roomFamily roomLaundry roomMaster bathOffice","Exterior material: BrickRoof type: Shake ShingleStories: 2Structure type: ColonialUnit count: 1","Detached/Attached: DetDriveway: PvtEat In Kitchen: YHeat: HwPicture: YSTATUS: AWater: PublicA/C: 1Attic: YSewer: YWood Floors: YFuel: GasLast Status Change: PCZone: 12LIST TYPE: P# Fireplaces: 0# Kitchens: 1Inground Sprinklers: YesCounty: QueensCORNER PROPERTY: Y","Floor size: 1,616 sqftLast remodel year: 2007Laundry: In UnitZillow Home ID: 2096862656"
"19 Peter St # A,Staten Island, NY 10314","$299,000 ","1,496 sqft",2 baths,2 beds,"$1,146 ","$295,751 ",40620872,-74151527,,"BarbecueLawnPool",,,"Exterior material: VinylRoof type: Shake ShingleStories: 2Unit count: 1",,"Floor size: 1,496 sqftHeating: GasParcel #: 014951180Zillow Home ID: 32302752"
"3085 Vernon Blvd # B,Astoria, NY 11102","$1,380,000 ","1,200 sqft",2 baths,3 beds,"$5,441 ",,40769523,-73934562,,"View: WaterWaterfront",,,"Stories: 0Structure type: OtherUnit count: 0",,"Floor size: 1,200 sqftZillow Home ID: 2096201731"
"11220 72nd Dr APT A47,Forest Hills, NY 11375","$723,000 ","1,400 sqft",2 baths,3 beds,"$2,821 ",(12/9),40720343,-73837304,,"DoormanGardenStorage","DryerRefrigeratorWasher","Dining room","Roof type: OtherRoom count: 6Stories: 6Structure type: OtherUnit count: 221","Detached: DetFuel: OilPicture: YSTATUS: AW: YHeat: SteamWood Floors: YCounty: QClass: ConKitchen Type: EikPets: YBasement: NoneStyle: Co-OpZone: 10Sewer: IncLast Status Change: NEW# Fireplaces: 0Heating: IncludedMBR 1ST FLOOR: YPET TYPE SRCH: .01.02.PARKING: W","Floor size: 1,400 sqftUnit floor #: 4Zillow Home ID: 2105921529"
"2590 Heath Ave,Bronx, NY 10463",Price Unknown,800 sqft,#NAME?,Studio,,"$348,038 ",40868820,-73906880,,"",,,"Structure type: Other","Property Type: LandStatus: ActiveVillage: NoneWater Description: MunicipalPost Office: BronxGarbage: PublicSewer Description: Municipal","Floor size: 800 sqftParcel #: 032370060Zillow Home ID: 29786713"
"135 Oceana Dr E # PH2D,Brooklyn, NY 11235","$3,449,000 ","2,800 sqft",3 baths,3 beds,"$13,598 ","$1,531,082 ",40577190,-73957570,,"DeckElevatorFitness CenterFlooring: Hardwood, TileSaunaStorageWaterfront","DishwasherDryerFreezerMicrowaveRange / OvenRefrigerator","Breakfast nookDining roomFamily roomLaundry roomLibraryMaster bathOfficeRecreation room","Exterior material: BrickStories: 7Structure type: Split levelUnit count: 120",,"Floor size: 2,800 sqftHeating: GasUnit floor #: 7Zillow Home ID: 2096294887"
"6309 108th St,Forest Hills, NY 11375","$489,000 ","1,250 sqft",1 bath,2 beds,"$1,875 ",(2/6),40734640,-73850480,"Cooperative130 days on ZillowViews since listing: 11,139All time views: 11,13956 shoppers saved this homeHOA Fee: $811/moParking: Garage - AttachedPrice/sqft: $391","ElevatorFlooring: HardwoodGated EntryIntercomTransportation","DishwasherFreezerGarbage disposalRange / OvenRefrigerator","Breakfast nookDining roomFamily roomOfficePantryWalk-in closet","Exterior material: Brick, Cement concreteStories: 7",,"Floor size: 1,250 sqftHeating: GasZillow Home ID: 2096848724"
"14250 122nd Ave,Jamaica, NY 11436","$459,000 ","1,240 sqft",3 baths,4 beds,"$1,760 ","$414,287 ",40674980,-73796295,,"Fenced YardGardenLawnParking: Off streetTransportation","Dishwasher",,"Exterior material: BrickStories: 3Structure type: ColonialUnit count: 1",,"Floor size: 1,240 sqftLast remodel year: 2016Parcel #: 120380033Zillow Home ID: 32182950"
"15822 Powells Cove Blvd,Flushing, NY 11357","$705,000 ",#NAME?,2 baths,2 beds,"$2,751 ",(1/5),40794015,-73802470,,"","DryerRefrigeratorWasher","Dining room","Stories: 0","Den/Family Room: YEat In Kitchen: YLast Status Change: EXTPicture: YSTATUS: AWater: PublicHeat: SteamSewer: YFuel: GasDetached/Attached: AttOffice: YA/C: 3Zone: 12Driveway: PtyStyle: TownhouseLIST TYPE: P# Fireplaces: 0# Kitchens: 1County: Queens","Laundry: In UnitParcel #: 045540063Zillow Home ID: 32028399"
"166 Perry St # 5,New York, NY 10014","$4,500,000 ","1,521 sqft",3 baths,2 beds,"$17,741 ","$2,980,735 ",40734663,-74009241,,"DoormanElevator",,,"Structure type: Modern",,"Floor size: 1,521 sqftZillow Home ID: 2097641004"
"1679 E 19th St # 2B,Brooklyn, NY 11229","$899,000 ","1,530 sqft",2 baths,3 beds,"$3,544 ","$928,648 ",40609490,-73954440,"CondoBuilt in 192045 days on ZillowViews since listing: 2,357All time views: 2,35812 shoppers saved this homeHOA Fee: $321/moLaundry: In UnitParking: CarportPrice/sqft: $588MLS #: 611038","","DishwasherDryerWasher",,"Unit count: 6",,"Floor size: 1,530 sqftZillow Home ID: 2096793730"
"97 Rutland Rd,Brooklyn, NY 11225","$1,825,000 ","3,856 sqft",3 baths,7 beds,"$7,195 ",(12/13),40659175,-73957365,,"FireplaceFlooring: Hardwood, TileGardenPatioUnfinished basement","Refrigerator","Dining roomMud roomWalk-in closet","Stories: 4Structure type: OtherUnit count: 1","Den: OilPicture: YSTATUS: AAttic: YHeat: SteamSewer: YWood Floors: YTOUR FLAG: YDetached: AttZone: 13Style: OtherLast Status Change: NEW# Kitchens: 2County: Brooklyn","Floor size: 3,856 sqftLast remodel year: 1901Parcel #: 050340063Zillow Home ID: 30664827"
"9706 Avenue K,Brooklyn, NY 11236","$659,999 ","1,760 sqft",2 baths,5 beds,,"$642,873 ",40640375,-73896525,,"","Refrigerator","Dining room","Stories: 1Unit count: 2","Class: ResDriveway: PvtEat In Kitchen: YFuel: GasHeat: SteamPicture: YSTATUS: ADetached/Attached: AttLast Status Change: PCStyle: 2 StoryZone: 13# Fireplaces: 0# Kitchens: 2MBR 1ST FLOOR: YCounty: Brooklyn","Floor size: 1,760 sqftLast remodel year: 1955Parcel #: 082430039Zillow Home ID: 30776308"
"12708 Sutter Ave,South Ozone Park, NY 11420","$949,999 ",#NAME?,4 baths,6 beds,"$3,745 ","$858,554 ",40674187,-73819100,,"",,,,,"Zillow Home ID: 2096430884"
"2147 59th St,Brooklyn, NY 11204","$1,099,000 ","2,226 sqft",2 baths,3 beds,"$4,333 ",(1/21),40618080,-73978670,,"",,,"Stories: 2Unit count: 1",,"Floor size: 2,226 sqftLast remodel year: 1925Parcel #: 055080059Zillow Home ID: 30679887"
"118-04 233st,Cambria Heights, NY 11411","$575,000 ",#NAME?,3 baths,4 beds,"$2,244 ","$525,255 ",40693091,-73736764,,"",,,,,"Zillow Home ID: 2095804157"
"18333 Dunlop Ave,Jamaica, NY 11412","$455,000 ",#NAME?,2 baths,4 beds,"$1,744 ","$505,821 ",40697434,-73762446,,"",,,,,"Zillow Home ID: 2095983760"
"123 Washington St APT 50H,New York, NY 10006","$1,250,000 ",606 sqft,1 bath,1 bed,"$4,928 ","$1,197,529 ",40709156,-74013710,"CondoBuilt in 2010264 days on ZillowViews since listing: 19,074All time views: 20,345123 shoppers saved this homeHOA Fee: $892/moCooling: CentralHeating: Forced airLaundry: In UnitParking: CarportLast sold: Apr 2012 for $1,024,318Price/sqft: $2,063MLS #: 74a1c55f76c6c352a08af8e7f79eca697a3f9d19","DeckDoormanElevatorFlooring: Hardwood, TilePatioView: City, Water","DishwasherDryerWasher",,"Exterior material: Cement concreteRoom count: 3Structure type: LoftUnit count: 223","Conciergefios_availablelive_in_superloungemedia_roompetsrecreation_facilitiesroofdecksubletwasher_dryer","Floor size: 606 sqftHeating: GasParcel #: 00531326Unit floor #: 50Zillow Home ID: 112512406"
"13019 135th Pl,Jamaica, NY 11420","$429,999 ",840 sqft,2 baths,2 beds,"$1,648 ","$382,886 ",40670570,-73802350,,"",,,"Stories: 2",,"Floor size: 840 sqftLast remodel year: 2016Parcel #: 117810269Zillow Home ID: 32177541"
"161 W 133rd St APT 1A,New York, NY 10030","$549,000 ",682 sqft,2 baths,Studio,"$2,142 ","$591,953 ",40813816,-73943603,,"Flooring: HardwoodIntercom","DishwasherDryerMicrowaveRange / OvenRefrigeratorWasher",,"Stories: 5Unit count: 12",,"Floor size: 682 sqftParcel #: 19181002Zillow Home ID: 97533259"
"355 Kings Hwy APT 5F,Brooklyn, NY 11223","$979,000 ","1,867 sqft",3 baths,3 beds,"$3,860 ","$990,743 ",40605015,-73977037,,"BarbecueCable ReadyDeckElevatorFenced YardFireplaceFlooring: HardwoodHot Tub/SpaIntercomPatioSecurity SystemSkylightSprinkler SystemUnfinished basementView: City, Territorial","DishwasherDryerWasher","Dining roomLaundry roomMaster bathRecreation roomWalk-in closet","Stories: 6Unit count: 28",,"Floor size: 1,867 sqftHeating: GasParcel #: 066531040Unit floor #: 5Zillow Home ID: 68314454"
"1758 Dekalb Ave,Ridgewood, NY 11385","$1,449,000 ","2,544 sqft",4 baths,8 beds,"$5,713 ","$1,141,265 ",40707050,-73916470,"Baths: 3 full, 1 halfLot: 2,543 sqftMulti FamilyBuilt in 1930133 days on ZillowViews since listing: 4,241All time views: 4,24127 shoppers saved this homePrice/sqft: $570","1240 sqft basementFinished basementFlooring: HardwoodParking: Garage - Detached, 500 sqft garage","DryerRefrigeratorWasher","Dining room","Exterior material: BrickRoom count: 11Stories: 0Unit count: 3","Class: ResEat In Kitchen: YPicture: YSTATUS: AFuel: OilHeat: HwLast Status Change: PCZone: 10Detached/Attached: SdStyle: 2 StoryDriveway: Pty# Fireplaces: 0# Kitchens: 3Basement/Subfloor: Full FinishCounty: Queens","Floor size: 2,544 sqftHeating: OilLaundry: In UnitZillow Home ID: 2096878460"
"21532 106th Ave,Jamaica, NY 11429","$549,000 ","1,488 sqft",3 baths,4 beds,"$2,142 ","$453,562 ",40710980,-73742300,,"AtticCable ReadyFinished basementFlooring: HardwoodHigh Speed Internet ReadyParking: Carport, Off street, On streetStorage","Range / OvenRefrigerator","Dining roomFamily roomMud roomOfficeRecreation roomSun room","Room count: 15Stories: 3Unit count: 1","Living room","Floor size: 1,488 sqftLast remodel year: 2017Parcel #: 111010031Zillow Home ID: 32160998"
"65 W End Ave # 3,Brooklyn, NY 11235","$1,375,000 ","1,825 sqft",2 baths,3 beds,"$5,421 ","$1,325,989 ",40580100,-73953300,,"Elevator","Dishwasher",,"Unit count: 0",,"Floor size: 1,825 sqftZillow Home ID: 2096334175"
"1974 E 36th St # 01,Brooklyn, NY 11234","$689,000 ",#NAME?,3 baths,3 beds,"$2,689 ","$727,222 ",40610490,-73932320,,"",,,,,"Last remodel year: 2016Zillow Home ID: 2097132389"
"861 Woodward Ave,Ridgewood, NY 11385","$1,750,000 ","3,417 sqft",4 baths,12 beds,"$6,899 ","$1,142,445 ",40702916,-73902088,,"",,,"Unit count: 4","Class: ResEat In Kitchen: YFuel: GasLast Status Change: NEWPicture: YSTATUS: AHeat: HwDetached: AttZone: 10Style: 2 StoryDryer: 0# Fireplaces: 0Washer: 0Basement: Full Basement# Kitchens: 4County: Queens","Floor size: 3,417 sqftZillow Home ID: 2098781654"
"130-23 135pl,Queens, NY 11436","$429,999 ",#NAME?,2 baths,2 beds,"$1,648 ",(12/10),40671077,-73802451,,"",,,,,"Last remodel year: 2016Zillow Home ID: 2096583444"
"129 Yetman Ave,Staten Island, NY 10307","$520,000 ","1,760 sqft",2 baths,3 beds,"$1,993 ",(1/31),40513180,-74246205,,"AtticBarbecueCable ReadyCeiling FanFenced YardFlooring: Carpet, Hardwood, Laminate, TileGardenLawnParking: Carport, Off streetPorchTransportationUnfinished basement","DishwasherRange / Oven","Breakfast nookDining roomLaundry roomPantryWalk-in closet","Exterior material: VinylRoof type: AsphaltRoom count: 7Stories: 2Structure type: Colonial",,"Floor size: 1,760 sqftHeating: GasLast remodel year: 1905Parcel #: 080240027Zillow Home ID: 32377217"
"1907 Lacombe Ave,Bronx, NY 10473","$435,000 ","1,448 sqft",3 baths,3 beds,"$1,668 ","$400,063 ",40815794,-73857515,,"",,,"Stories: 3",,"Floor size: 1,448 sqftLast remodel year: 1930Parcel #: 035270006Zillow Home ID: 29792011"
"646 E 53rd St,Brooklyn, NY 11203","$749,000 ","1,408 sqft",3 baths,6 beds,"$2,923 ",(1/31),40643595,-73926915,,"BarbecueFenced YardGardenParking: Garage - Detached, Off street, On street, 2 spaces",,,"Stories: 3Unit count: 2",,"Floor size: 1,408 sqftLast remodel year: 2017Parcel #: 047730022Zillow Home ID: 30656244"
"7025 Yellowstone Blvd APT 16E,Forest Hills, NY 11375","$439,000 ",#NAME?,#NAME?,1 bed,"$1,683 ","$366,559 ",40722157,-73849274,,"ElevatorPoolStorage","Dishwasher",,"Stories: 0Structure type: OtherUnit count: 563","A/C: CacDetached/Attached: DetHeat: HwPicture: YSTATUS: AFuel: GasClass: ConPets: YSmoking: YStyle: Co-OpZone: 10Kitchen Type: ComboLast Status Change: NEWCounty: QueensMBR 1ST FLOOR: YPET TYPE SRCH: .01.","Parcel #: 03236003500070025000016EZillow Home ID: 80391112"
"18331 Dunlop Ave,Jamaica, NY 11412","$466,000 ","1,694 sqft",2 baths,4 beds,"$1,786 ","$428,416 ",40702794,-73772280,,"Parking: Garage - Attached","DryerRefrigerator","Dining room","Roof type: OtherRoom count: 8Stories: 1Structure type: Other","Driveway: PvtEat In Kitchen: YPicture: YSTATUS: AW: YFuel: GasCounty: QDetached: AttA: YZone: 14Heat: RadLast Status Change: NEWStyle: Townhouse# Fireplaces: 0# Kitchens: 2Taxes: 3077.00MBR 1ST FLOOR: Y","Floor size: 1,694 sqftLast remodel year: 1945Laundry: In UnitParcel #: 103470092Zillow Home ID: 32142645"
"658 Sapphire St,Brooklyn, NY 11208","$759,000 ","3,465 sqft",5 baths,8 beds,"$2,962 ","$743,706 ",40664249,-73856055,,"Cable ReadyFinished basementFlooring: HardwoodIntercomParking: Garage - Attached, Off streetPatioSkylightTransportation","Refrigerator","Dining room","Exterior material: BrickStories: 3Structure type: ColonialUnit count: 2","Sewer Type: MunicipalWater Source Type: MunicipalGarage Type: YesHOA or Building Fee: 0.00","Floor size: 3,465 sqftLast remodel year: 1988Parcel #: 045580099Zillow Home ID: 30650165"
"12008 Springfield Blvd,Jamaica, NY 11411","$469,000 ","1,402 sqft",2 baths,3 beds,,"$442,294 ",40691085,-73746800,,"",,,"Stories: 2Unit count: 1",,"Floor size: 1,402 sqftLast remodel year: 1950Parcel #: 126940042Zillow Home ID: 32195490"
"2632 Atlantic Ave # 0,Brooklyn, NY 11207","$5,500,000 ",#NAME?,#NAME?,#NAME?,"$21,684 ","$682,580 ",40675610,-73897350,,"",,,,,"Zillow Home ID: 2098380459"
"14819 Linden Blvd,Jamaica, NY 11436","$429,000 ","1,500 sqft",3 baths,3 beds,"$1,645 ","$397,267 ",40686270,-73794825,,"",,,"Stories: 2",,"Floor size: 1,500 sqftLast remodel year: 1940Parcel #: 119660024Zillow Home ID: 32180658"
"8120 19th Ave,Brooklyn, NY 11214","$1,695,000 ","3,956 sqft",5 baths,9 beds,"$6,683 ","$1,666,880 ",40608475,-73998030,,"Cable ReadyCeiling FanDeckFlooring: HardwoodIntercomParking: Garage - Attached, 1 spacePartial basementTransportation","Washer","Dining room","Exterior material: BrickStories: 2Structure type: ContemporaryUnit count: 3","Living room","Floor size: 3,956 sqftLast remodel year: 1930Laundry: In UnitParcel #: 062960040Zillow Home ID: 30709571"
"1423 83rd St,Brooklyn, NY 11228","$1,125,000 ","1,938 sqft",3 baths,4 beds,"$4,435 ",(11/30),40614239,-74009100,,"Fenced YardGardenLawnParking: CarportPatio","DryerWasher",,"Exterior material: BrickStories: 2Unit count: 2",,"Floor size: 1,938 sqftLast remodel year: 1950Laundry: In UnitParcel #: 063040072Zillow Home ID: 30709876"
"838 E 221st St # 1,Bronx, NY 10467","$449,000 ",#NAME?,3 baths,4 beds,"$1,721 ","$478,338 ",40883520,-73857750,,"BarbecueDeckFenced YardFinished basementFlooring: HardwoodMother-in-Law ApartmentParking: Garage - Attached, 1 spacePatioTransportation","DishwasherMicrowaveRange / OvenRefrigerator","Breakfast nookDining roomFamily roomLaundry roomOfficeRecreation room","Exterior material: BrickRoom count: 11Stories: 3Structure type: Colonial",,"Heating: GasLast remodel year: 2016Zillow Home ID: 2096548913"
"19140 113th Rd,Jamaica, NY 11412","$489,999 ","1,560 sqft",2 baths,3 beds,"$1,878 ","$490,699 ",40698840,-73761120,,"Parking: Garage - Detached, 300 sqft garage","Refrigerator","Dining room","Exterior material: Vinyl, WoodRoof type: Shake ShingleStories: 3Structure type: Colonial","Detached/Attached: DetDriveway: PvtEat In Kitchen: YPicture: YSTATUS: AWater: PublicAttic: YHeat: SteamSewer: YFuel: GasLast Status Change: PCZone: 15# Fireplaces: 0# Kitchens: 1Dryer: 0Washer: 0County: Queens","Floor size: 1,560 sqftLast remodel year: 2016Parcel #: 109880025Zillow Home ID: 32157550"
"65 W End Ave # 1,Brooklyn, NY 11235","$525,000 ",790 sqft,1 bath,1 bed,"$2,013 ","$521,422 ",40580100,-73953300,,"Elevator","Dishwasher",,"Unit count: 5",,"Floor size: 790 sqftZillow Home ID: 2096333465"
"12088 131st St,Jamaica, NY 11420","$599,000 ","1,184 sqft",2 baths,Studio,"$2,338 ","$471,983 ",40672394,-73807745,,"",,,"Stories: 2Unit count: 2",,"Floor size: 1,184 sqftLast remodel year: 1925Parcel #: 117540101Zillow Home ID: 32176596"
"2621 Atlantic Ave,Brooklyn, NY 11207","$1,700,000 ","2,340 sqft",#NAME?,Studio,"$6,702 ","$582,854 ",40675965,-73897690,,"",,,"Stories: 3",,"Floor size: 2,340 sqftParcel #: 036690040Zillow Home ID: 30633936"
"1361 E 101st St,Brooklyn, NY 11236","$679,000 ","1,416 sqft",2 baths,4 beds,"$2,650 ","$640,817 ",40638100,-73888855,,"Parking: Garage - Attached",,,"Stories: 4Unit count: 1",,"Floor size: 1,416 sqftLast remodel year: 1960Parcel #: 082850018Zillow Home ID: 30778581"
"1361 -01 East 101st St,Brooklyn, NY 11234","$679,000 ",#NAME?,2 baths,4 beds,"$2,650 ","$520,170 ",40638422,-73889526,,"",,,,,"Zillow Home ID: 2096524628"
"1581 Pacific St,Brooklyn, NY 11213","$1,299,000 ","3,456 sqft",4 baths,4 beds,"$5,121 ","$1,375,214 ",40677255,-73938335,"Lot: 1,799 sqftMulti FamilyBuilt in 191059 days on ZillowViews since listing: 7,967All time views: 8,61864 shoppers saved this homeLast sold: May 2007 for $662,500Price/sqft: $376MLS #: S9330241650","FireplaceFlooring: HardwoodUnfinished basement","Refrigerator","Dining room","Stories: 0Structure type: ContemporaryUnit count: 4","Class: ResFuel: GasHeat: SteamLast Status Change: NEWPicture: YSTATUS: ADetached: AttZone: 13Dryer: 0# Fireplaces: 0Washer: 0# Kitchens: 4Basement: KitchenBasement: Full BathroomBasement: 1 BedroomCounty: BrooklynBasement: Dr","Floor size: 3,456 sqftLast remodel year: 1910Parcel #: 013340073Zillow Home ID: 30595652"
"33 W 56th St APT 4A,New York, NY 10019","$2,990,000 ","1,198 sqft",2 baths,1 bed,"$11,788 ","$2,077,688 ",40763244,-73976142,,"DoormanElevatorFitness CenterFurnished","DishwasherDryerWasher",,"Stories: 17Unit count: 47",,"Floor size: 1,198 sqftParcel #: 12721003Zillow Home ID: 97539206"
"11529 121st St,South Ozone Park, NY 11420","$439,000 ",#NAME?,2 baths,2 beds,"$1,683 ","$468,858 ",40676660,-73817510,,"Ceiling FanFenced YardFinished basementFlooring: Hardwood, TileParking: Garage - Attached, Off street","Range / OvenRefrigerator","Laundry room","Exterior material: BrickStories: 2Structure type: Contemporary",,"Heating: GasZillow Home ID: 2097796884"
"2685 E 22nd St # 2B,Brooklyn, NY 11235","$675,000 ","1,044 sqft",2 baths,2 beds,"$2,634 ","$645,687 ",40586600,-73946800,,"",,,"Unit count: 1",,"Floor size: 1,044 sqftZillow Home ID: 2096501529"
"2619 Atlantic Ave,Brooklyn, NY 11207","$2,100,000 ","3,528 sqft",#NAME?,#NAME?,"$8,279 ","$702,969 ",40675955,-73897775,,"Fireplace",,,"Stories: 3Unit count: 3",,"Floor size: 3,528 sqftLot depth: 81 ftLot width: 28 ftParcel #: 036690001Zillow Home ID: 30633933"
"2623 Atlantic Ave,Brooklyn, NY 11207","$1,700,000 ","2,700 sqft",#NAME?,Studio,"$6,702 ","$652,747 ",40675970,-73897629,,"Flooring: HardwoodTransportation","Range / OvenRefrigerator",,"Stories: 3Unit count: 3","Business CenterGranite countertopStainless steel appliances","Floor size: 2,700 sqftLot depth: 89 ftLot width: 18 ftParcel #: 036690039Zillow Home ID: 30633935"
"67 Brighton 11th St,Brooklyn, NY 11235","$1,100,000 ","1,880 sqft",3 baths,5 beds,"$4,337 ","$965,084 ",40581280,-73956640,,"AtticBarbecueCable ReadyCeiling FanDeckFenced YardFireplaceFlooring: Carpet, Hardwood, Laminate, Linoleum / Vinyl, TileGardenGated EntryGreenhouseIntercomJetted TubLawnMother-in-Law ApartmentParking: Carport, Garage - Attached, Off street, On street, 2 spacesPatioPorchSecurity SystemSkylightSprinkler SystemStorageTransportationVaulted CeilingView: City, TerritorialWired","DishwasherDryerFreezerGarbage disposalMicrowaveRange / OvenRefrigeratorTrash compactorWasher","Breakfast nookDining roomFamily roomLaundry roomLibraryMaster bathMud roomOfficeRecreation roomSolarium / AtriumSun roomWalk-in closetWorkshop","Exterior material: Brick, Cement concrete, StuccoRoom count: 9Stories: 2Structure type: Split levelUnit count: 2",,"Floor size: 1,880 sqftHeating: GasLaundry: In UnitZillow Home ID: 2096968352"
"2685 E 22nd St # 2D,Brooklyn, NY 11235","$460,000 ",665 sqft,1 bath,1 bed,"$1,763 ","$430,022 ",40586600,-73946800,,"","Dishwasher",,"Unit count: 1",,"Floor size: 665 sqftZillow Home ID: 2096501530"
"27110 Grand Central Pkwy # PHC,Floral Park, NY 11005","$1,899,000 ",#NAME?,4 baths,3 beds,"$7,487 ","$1,507,121 ",40756800,-73714200,,"DoormanElevatorPool",,,,,"Zillow Home ID: 2098310180"
"8265 165th St,Jamaica, NY 11432","$829,000 ","2,000 sqft",3 baths,3 beds,"$3,268 ","$840,307 ",40717825,-73800960,,"700 sqft basementFinished basementFlooring: Hardwood, TileGardenLawnParking: Garage - Attached, Garage - Detached, 250 sqft garageSkylightStorage","DryerWasher","Breakfast nookDining roomWalk-in closet","Exterior material: BrickRoof type: OtherRoom count: 8Stories: 2Structure type: ColonialUnit count: 1","Guest parkingLiving room","Floor size: 2,000 sqftHeating: GasLast remodel year: 1930Laundry: In UnitParcel #: 070450024Zillow Home ID: 32077339"
"2130 E 18th St,Brooklyn, NY 11229","$1,198,000 ","1,320 sqft",1 bath,3 beds,"$4,723 ",(1/17),40598370,-73953555,,"Fenced YardFinished basementFlooring: HardwoodGardenLawnParking: Garage - Attached, Off street, On street, 3 spacesPorch","DryerFreezerMicrowaveRange / OvenRefrigeratorWasher","Dining roomFamily roomLaundry room","Exterior material: BrickStories: 2",,"Floor size: 1,320 sqftLast remodel year: 1925Laundry: In UnitParcel #: 073500080Zillow Home ID: 30744558"
"11133 166th St # 1,Jamaica, NY 11433","$449,000 ",#NAME?,3 baths,3 beds,"$1,721 ","$479,871 ",40692670,-73785160,,"",,,,,"Last remodel year: 2016Zillow Home ID: 2097161019"
"23928 148th Ave,Jamaica, NY 11422","$429,000 ","1,400 sqft",2 baths,3 beds,"$1,645 ",(12/7),40654484,-73744335,,"800 sqft basementParking: Garage - Detached",,,"Stories: 2","Sewer Type: MunicipalWater Source Type: MunicipalGarage Type: YesHOA or Building Fee: 0.00Bonus Room: yes","Floor size: 1,400 sqftLast remodel year: 1991Parcel #: 137430020Zillow Home ID: 32213665"
"7764 79th Pl,Glendale, NY 11385","$679,000 ","1,664 sqft",1 bath,3 beds,"$2,650 ","$589,080 ",40705040,-73871005,,"Finished basementFlooring: Carpet, HardwoodParking: Garage - Detached","DishwasherDryerWasher","Dining room","Exterior material: VinylStories: 2Structure type: ColonialUnit count: 1",,"Floor size: 1,664 sqftHeating: GasLast remodel year: 1920Laundry: In UnitParcel #: 038160078Zillow Home ID: 32017832"
"1109 Ditmas Ave,Brooklyn, NY 11218","$1,996,000 ","3,381 sqft",5 baths,8 beds,"$7,869 ",(1/27),40635860,-73966905,,"AtticBarbecueCable ReadyCeiling FanDeckDockDouble Pane/Storm WindowsFenced YardFinished basementFireplaceFlooring: Hardwood, Tile, OtherFurnishedGardenHot Tub/SpaIntercomJetted TubLawnMother-in-Law ApartmentParking: Garage - Attached, Garage - Detached, On streetPatioPorchSaunaSecurity SystemSkylightSprinkler SystemStorageTransportationView: TerritorialWired","DishwasherDryerFreezerMicrowaveRange / OvenRefrigeratorWasher","Breakfast nookDining roomFamily roomLaundry roomLibraryMaster bathOfficePantryRecreation roomSun roomWalk-in closetWorkshop","Exterior material: Brick, Cement concrete, Composition, Other, StoneRoof type: OtherRoom count: 21Stories: 3Structure type: OtherUnit count: 2","Living roomStainless steel appliances","Floor size: 3,381 sqftHeating: GasLast remodel year: 2007Laundry: In UnitParcel #: 051750046Zillow Home ID: 30668152"
"2580 Schurz Ave,Bronx, NY 10465","$1,999,000 ","3,900 sqft",5 baths,6 beds,"$7,881 ","$978,018 ",40811773,-73826089,,"AtticCable ReadyDockDouble Pane/Storm WindowsFenced YardFlooring: HardwoodGardenLawnParking: Garage - Attached, 2 spacesPatioSecurity SystemSkylightTransportationUnfinished basementView: WaterWaterfront","DishwasherDryerMicrowaveRange / OvenRefrigeratorWasher","Dining roomFamily roomMaster bathWalk-in closet","Exterior material: BrickStories: 3Structure type: ColonialUnit count: 1","Amenities: Close to BusAmenities: Close to ParkAmenities: Close to SchoolAmenities: Close to ShopsGarbage: PublicHeating Fuel: Natural GasParking: DrivewayProperty Type: Multi-Family 2-4Status: ActiveWater Description: MunicipalAmenities: 1st Floor BedrmAmenities: PatioPost Office: BronxSiding Description: BrickVillage: BronxAmenities: StorageAmenities: Water ViewAttic Description: NoneStyle: ContemporaryBasement Description: Partially FinishedParking: 4+ Car DetachedAmenities: DeckHotwater: Gas Stand AloneYear Built Exception: ActualHeating Type: Base BoardParking: Garage ParkingAmenities: FencedAmenities: WaterfrontAmenities: BalconySq Ft Source: MunicipalityAmenities: Hardwood Floors As SeenAmenities: Water AccessAir Conditioning: Wall UnitsAmenities: BeachAmenities: Golf CourseSewer Description: MunicipalConstruction Description: BlockConstruction Description: Brick","Floor size: 3,900 sqftHeating: GasLast remodel year: 1980Laundry: In UnitParcel #: 056070077Zillow Home ID: 29850020"
"50 Brighton 1st Rd # I17DA,Brooklyn, NY 11235","$619,000 ",#NAME?,2 baths,2 beds,"$2,416 ",,40575190,-73966780,,"ElevatorPatioPool","DishwasherMicrowaveRange / OvenRefrigerator",,,,"Zillow Home ID: 2096950140"
"2140 E 71st St,Brooklyn, NY 11234","$995,000 ","2,100 sqft",3 baths,5 beds,"$3,923 ","$765,204 ",40618890,-73906765,,"BarbecueFenced YardLawnParking: Garage - Detached, 2 spaces, 400 sqft garageSprinkler System",,,"Exterior material: BrickRoof type: Shake ShingleStories: 2Structure type: RanchUnit count: 2",,"Floor size: 2,100 sqftLast remodel year: 2005Parcel #: 084300058Zillow Home ID: 30782576"
"1801 Mcgraw Ave,Bronx, NY 10472","$100,000 ",#NAME?,3 baths,4 beds,$396 ,"$406,076 ",40834280,-73866610,,"","Refrigerator","Dining room","Stories: 0Structure type: Colonial","Detached/Attached: DetDriveway: PvtSTATUS: ALast Status Change: PCCounty: OZone: 99# Fireplaces: 0Dryer: 0Washer: 0# Kitchens: 0TEMPORARILY OFF MARKET (TOM): Y","Parcel #: 038810008Zillow Home ID: 29798313"
"660 Saint Nicholas Ave APT 43,New York, NY 10030","$170,000 ",370 sqft,1 bath,1 bed,$666 ,"$4,903,968 ",40822422,-73945167,,"",,,,,"Floor size: 370 sqftParcel #: 20510033006600000000043Zillow Home ID: 124718916"
"25502 149th Ave,Jamaica, NY 11422","$255,700 ",#NAME?,2 baths,4 beds,$980 ,"$463,294 ",40652735,-73734160,,"Parking: Garage - Detached",,,"Stories: 2","Sewer Type: MunicipalWater Source Type: MunicipalResidential Style: OtherHOA or Building Fee: 0.00","Parcel #: 136690004Zillow Home ID: 32212347"
"11915 193rd St,Jamaica, NY 11412","$208,300 ",#NAME?,2 baths,4 beds,$816 ,"$493,219 ",40689445,-73756724,,"",,,"Stories: 3","Sewer Type: MunicipalWater Source Type: MunicipalResidential Style: OtherHOA or Building Fee: 0.00","Parcel #: 126490057Zillow Home ID: 32194532"
"221 Cuba Ave,Staten Island, NY 10306","$350,000 ","1,715 sqft",3 baths,4 beds,,"$471,812 ",40562912,-74109470,,"","DryerRefrigeratorWasher","Dining room","Stories: 0Structure type: Contemporary","Class: ResDetached/Attached: DetDriveway: PvtFuel: GasLast Status Change: NEWSTATUS: AHeat: HwShort Sale?: YCounty: OZone: 99# Fireplaces: 0# Kitchens: 2","Floor size: 1,715 sqftLaundry: In UnitParcel #: 040520054Zillow Home ID: 32335020"