address,price,floor_size,bathrooms,bedrooms,est_mortgage,zprice,latitude,longitude,FACTS,FEATURES,APPLIANCES INCLUDED,ROOM TYPES,CONSTRUCTION,ADDITIONAL FEATURES,OTHER,street,barough,state,zip
"124 Mackenzie St, Brooklyn, NY 11235",520000.0,2700.0,4.0,3.0,1966.0,1519349.0,40.58012,-73.94042,,"900 sqft basement, Attic, Deck, Finished basement, Flooring: Hardwood, Tile, Intercom, Parking: Garage - Detached, Off street, On street, 3 spaces, 400 sqft garage, Patio, Skylight","Dishwasher, Dryer, Microwave, Refrigerator, Washer","Dining room, Family room, Laundry room, Master bath, Office, Recreation room, Walk-in closet","Exterior material: Stucco, Roof type: Composition, Room count: 7, Stories: 2, Structure type: Contemporary, Unit count: 1","Jacuzzi / Whirlpool, Living room, Parking Type: Garage Detached","Floor size: 2,700 sqft, Heating: Gas, Last remodel year: 2016, Laundry: In Unit, Parcel #: 087550025, Zillow Home ID: 30791246",124 Mackenzie St,Brooklyn,NY,11235
"36 Claver Pl, Brooklyn, NY 11238",3195000.0,4500.0,6.0,6.0,12596.0,2649417.0,40.682095,-73.95778,"Lot: 2,000 sqft, Multi Family, Built in 1901, 3 days on Zillow, Views since listing: 1,243, All time views: 20,265, 21 shoppers saved this home, Cooling: Central, Last sold: May 2015 for $1,540,000, Price/sqft: $710, MLS #: S9330241699","Deck, Fenced Yard, Finished basement, Fireplace, Flooring: Hardwood, Garden, Intercom, Lawn, Mother-in-Law Apartment, Parking: None, Patio","Dishwasher, Dryer, Washer","Dining room, Family room, Library, Office, Walk-in closet","Exterior material: Other, Stories: 4, Structure type: Modern, Unit count: 2",Vintage,"Floor size: 4,500 sqft, Last remodel year: 1901, Laundry: In Unit, Parcel #: 019940040, Zillow Home ID: 30614270",36 Claver Pl,Brooklyn,NY,11238
"755 Belmont Ave # 01, Brooklyn, NY 11208",499000.0,,3.0,4.0,1913.0,,40.67276,-73.88184,"Baths: 2 full, 1 half, Single Family, 4 days on Zillow, Views since listing: 2,721, All time views: 2,722, 37 shoppers saved this home, View Virtual Tour",,,,,,"Last remodel year: 2017, Zillow Home ID: 2095396406",755 Belmont Ave # 01,Brooklyn,NY,11208
"250 W 15th St APT I, New York, NY 10011",850000.0,725.0,1.0,1.0,3351.0,901980.0,40.7399,-74.0014,"Cooperative, Built in 1930, 8 days on Zillow, Views since listing: 1,770, All time views: 1,987, 26 shoppers saved this home, HOA Fee: $1,072/mo, Price/sqft: $1,172, MLS #: 775204","Elevator, Fireplace, Garden, Patio",Dishwasher,,Unit count: 59,"bike_room, cats, co_purchase, dogs, gifts, live_in_super, pets","Floor size: 725 sqft, Zillow Home ID: 2100550953",250 W 15th St APT I,New York,NY,10011
"2318 E 63rd St, Brooklyn, NY 11234",1890000.0,4800.0,4.0,4.0,7451.0,1711219.0,40.612465,-73.90996,,"1600 sqft basement, Barbecue, Cable Ready, Controlled Access, Deck, Double Pane/Storm Windows, Fenced Yard, Finished basement, Fireplace, Flooring: Hardwood, Tile, Other, Intercom, Jetted Tub, Lawn, Parking: Carport, On street, 2 spaces, Patio, Porch, Security System, Skylight, Sprinkler System, Storage, Vaulted Ceiling, View: Territorial, Wet Bar, Wired","Dishwasher, Dryer, Freezer, Garbage disposal, Microwave, Range / Oven, Refrigerator, Washer","Breakfast nook, Dining room, Family room, Laundry room, Library, Master bath, Office, Recreation room, Sun room, Walk-in closet","Exterior material: Brick, Metal, Other, Stone, Room count: 10, Stories: 2, Structure type: Other",,"Floor size: 4,800 sqft, Heating: Gas, Last remodel year: 1995, Laundry: In Unit, Parcel #: 086550017, Zillow Home ID: 30789054",2318 E 63rd St,Brooklyn,NY,11234
"445 W 240th St APT 2K, Bronx, NY 10463",319000.0,850.0,1.0,1.0,1223.0,292405.0,40.888595,-73.904479,"Condo, Built in 1949, 7 days on Zillow, Views since listing: 2,313, All time views: 2,393, 21 shoppers saved this home, HOA Fee: $410/mo, Last sold: Sep 2008 for $225,000, Price/sqft: $375",Elevator,,,Unit count: 78,"Amenities: Close to Bus, Close to Railroad, Close to Shops, Elevator, Master Bath, Close to School, Laundry Room/Common, Hardwood Floors As Seen, Close to Park, Property Type: Condominium, Status: Active, Air Conditioning: Window Units, Utilities Included: Heat, Hot Water, Gas, Electric, Air Conditioning, Water, Sewer, Post Office: Bronx, Siding Description: Brick, Water Description: Municipal, Style: Mid Rise, Apartment, Year Built Exception: Actual, Parking: Street Parking, Garage Parking, Hoa Fee Includes: Exterior Maintenance, Snow Removal, Common Area Costs, Trash Collection, Water/Sewer, Other/See Remarks, Garbage: Public, Heating Fuel: Oil Below Ground, Hotwater: Indirect Tank, Heating Type: Radiator, Sq Ft Source: Other, Tax Source: Municipality, Tax Year: 2016, Construction Description: Brick, Included: Dishwasher, Oven/Range, Refrigerator, Sewer Description: Municipal, Pets: No Restrictions, Tax Amount: 2713","Floor size: 850 sqft, Parcel #: 057801015, Zillow Home ID: 29852332",445 W 240th St APT 2K,Bronx,NY,10463
"5915 Madison St, Ridgewood, NY 11385",1299000.0,,2.0,5.0,5121.0,1077154.0,40.7061,-73.90136,"Lot: 2,500 sqft, Multi Family, Built in 1920, 9 days on Zillow, Views since listing: 1,132, All time views: 4,151, 7 shoppers saved this home",,"Range / Oven, Refrigerator",,"Room count: 11, Unit count: 2",,"Heating: Gas, Zillow Home ID: 2097548369",5915 Madison St,Ridgewood,NY,11385
"8303 10th Ave, Brooklyn, NY 11228",999000.0,1535.0,1.0,3.0,3939.0,929313.0,40.619505,-74.01858,,"Finished basement, Flooring: Hardwood, Parking: Garage - Detached, 1 space","Range / Oven, Refrigerator",Dining room,"Exterior material: Brick, Stucco, Room count: 6, Stories: 2, Structure type: Colonial",,"Floor size: 1,535 sqft, Last remodel year: 1899, Parcel #: 060220009, Zillow Home ID: 30699048",8303 10th Ave,Brooklyn,NY,11228
"13018 148th St # 1, Jamaica, NY 11436",499000.0,,3.0,3.0,1913.0,477226.0,40.6683,-73.7904,,,,,,,"Last remodel year: 2017, Zillow Home ID: 2095426224",13018 148th St # 1,Jamaica,NY,11436
"12008 Springfield Blvd # 01, Cambria Heights, NY 11411",469000.0,,3.0,3.0,1798.0,,40.69051,-73.74677,,,,,,,"Last remodel year: 2017, Zillow Home ID: 2095383926",12008 Springfield Blvd # 01,Cambria Heights,NY,11411
"2500 Johnson Ave APT 17S, Bronx, NY 10463",315000.0,919.0,1.0,1.0,1208.0,310723.0,40.87677,-73.917709,,"Deck, Doorman, Elevator, Fitness Center, Pool, Storage, View: City, Water",,,"Room count: 3, Unit count: 339",,"Floor size: 919 sqft, Last remodel year: 1984, Parcel #: 05716050002500000000017S, Zillow Home ID: 123824055",2500 Johnson Ave APT 17S,Bronx,NY,10463
"74 2nd St # 2, Staten Island, NY 10306",269000.0,800.0,1.0,2.0,1031.0,455074.0,40.57399,-74.12027,,"Attic, Cable Ready, Ceiling Fan, Double Pane/Storm Windows, Flooring: Carpet, Hardwood, Partial basement, Transportation","Dishwasher, Dryer, Freezer, Range / Oven, Refrigerator, Washer",Laundry room,"Exterior material: Brick, Room count: 4, Stories: 2",,"Floor size: 800 sqft, Zillow Home ID: 2095683124",74 2nd St # 2,Staten Island,NY,10306
"172 Schaefer St, Brooklyn, NY 11207",799000.0,1926.0,2.0,6.0,,21.0,40.689145,-73.90798,,,,,"Exterior material: Brick, Stories: 2","Residential Style: Two Story, Construction Type: Frame, Sewer Type: Municipal, Water Source Type: Municipal, View Street: yes, HOA or Building Fee: 0.00","Floor size: 1,926 sqft, Last remodel year: 1910, Parcel #: 034290015, Zillow Home ID: 30630504",172 Schaefer St,Brooklyn,NY,11207
"11038 168th St, Jamaica, NY 11433",499999.0,1500.0,3.0,4.0,1917.0,470916.0,40.69407,-73.78437,,,Refrigerator,Dining room,"Exterior material: Brick, Stories: 2, Structure type: Colonial","Detached: Det, Driveway: Pvt, Eat In Kitchen: Y, Heat: Hw, Last Status Change: EXT, Picture: Y, STATUS: A, Water: Public, Sewer: Y, Fuel: Gas, Zone: 14, # Fireplaces: 0, # Kitchens: 1, Dryer: 0, Washer: 0, County: Queens, MBR 1ST FLOOR: Y","Floor size: 1,500 sqft, Last remodel year: 2016, Parcel #: 101980012, Zillow Home ID: 32139412",11038 168th St,Jamaica,NY,11433
"17427 127th Ave # 1, Jamaica, NY 11434",429000.0,,2.0,3.0,1645.0,466277.0,40.68091,-73.76865,,"Cable Ready, Finished basement, Flooring: Hardwood","Dishwasher, Microwave, Range / Oven, Refrigerator","Breakfast nook, Dining room, Laundry room",,,Zillow Home ID: 2095536037,17427 127th Ave # 1,Jamaica,NY,11434
"2882 W 15th St APT 3B, Brooklyn, NY 11224",660000.0,1498.0,2.0,3.0,2576.0,1006626.0,40.577172,-73.982982,,"Cable Ready, Controlled Access, Elevator, Flooring: Hardwood, Laminate, Tile, Other, Intercom, Patio, Security System, Storage, Transportation, View: City, Territorial, Wired","Dishwasher, Dryer, Freezer, Microwave, Range / Oven, Refrigerator, Washer","Breakfast nook, Dining room, Family room, Master bath, Recreation room, Walk-in closet","Exterior material: Brick, Other, Roof type: Other, Room count: 7, Stories: 5",,"Floor size: 1,498 sqft, Unit floor #: 3, Zillow Home ID: 2095705040",2882 W 15th St APT 3B,Brooklyn,NY,11224
"519 Court St, Brooklyn, NY 11231",2550000.0,2700.0,3.0,2.0,10054.0,2686206.0,40.67497,-73.99915,,"Fireplace, Flooring: Hardwood, Garden, Partial basement, View: City","Dishwasher, Range / Oven, Refrigerator",,"Exterior material: Brick, Stories: 3, Unit count: 2",,"Floor size: 2,700 sqft, Parcel #: 004780009, Zillow Home ID: 30573179",519 Court St,Brooklyn,NY,11231
"57 Mimosa Ln, Staten Island, NY 10312",479000.0,1690.0,3.0,3.0,1836.0,,40.552054,-74.19931,,"Barbecue, Cable Ready, Deck, Double Pane/Storm Windows, Fenced Yard, Finished basement, Flooring: Laminate, Parking: Garage - Attached, Pool","Dishwasher, Dryer, Microwave, Washer","Dining room, Family room, Laundry room","Exterior material: Brick, Vinyl, Roof type: Shake Shingle, Room count: 7, Stories: 0, Structure type: Contemporary",,"Floor size: 1,690 sqft, Heating: Gas, Last remodel year: 1980, Laundry: In Unit, Parcel #: 060220169, Zillow Home ID: 32362345",57 Mimosa Ln,Staten Island,NY,10312
"9740 77th St, Jamaica, NY 11416",829999.0,2675.0,3.0,8.0,3272.0,648574.0,40.68062,-73.861085,,"Parking: Garage - Attached, 200 sqft garage",,,"Stories: 2, Unit count: 3",,"Floor size: 2,675 sqft, Last remodel year: 1925, Parcel #: 090480026, Zillow Home ID: 32112217",9740 77th St,Jamaica,NY,11416
"42 Duncan Rd, Staten Island, NY 10301",824000.0,1980.0,2.0,5.0,3249.0,668408.0,40.62484,-74.09107,,"Attic, Barbecue, Cable Ready, Ceiling Fan, Deck, Double Pane/Storm Windows, Fenced Yard, Finished basement, Flooring: Hardwood, Garden, Parking: Off street, Skylight","Dishwasher, Dryer, Microwave, Range / Oven, Refrigerator, Washer","Dining room, Family room, Office, Workshop","Exterior material: Vinyl, Roof type: Asphalt, Room count: 8, Stories: 3, Structure type: Victorian",Roof Garden,"Floor size: 1,980 sqft, Heating: Gas, Last remodel year: 2015, Laundry: In Unit, Parcel #: 005910059, Zillow Home ID: 32286317",42 Duncan Rd,Staten Island,NY,10301
"170 Stratford Rd, Brooklyn, NY 11218",2495000.0,3908.0,5.0,7.0,,13.0,40.64451,-73.969114,,"600 sqft basement, Lawn, Parking: Garage - Detached, Porch",,,"Exterior material: Wood, Stories: 3, Structure type: Victorian, Unit count: 1",,"Floor size: 3,908 sqft, Last remodel year: 1905, Parcel #: 051140012, Zillow Home ID: 30666646",170 Stratford Rd,Brooklyn,NY,11218
"8458 249th St # 1, Jamaica, NY 11426",695000.0,,4.0,4.0,2712.0,649560.0,40.7342,-73.71797,,"Parking: Garage - Detached, Off street, On street, 1 space",,,"Exterior material: Brick, Stories: 2",,"Last remodel year: 2017, Zillow Home ID: 2095650878",8458 249th St # 1,Jamaica,NY,11426
"290 W 232nd St APT 11D, Bronx, NY 10463",285000.0,942.0,1.0,2.0,1093.0,250485.0,40.8814,-73.9073,,"Elevator, Storage",,,Unit count: 117,"Amenities: Close to Bus, Close to Railroad, Close to School, Close to Shops, Elevator, Storage, View, Balcony, Security System, Hardwood Floors As Seen, Close to Park, Granite Countertops, Heating Type: Hot Water, Parking: Assigned, Garage Parking, Property Type: Co-Operative, Status: Active, Utilities Included: Heat, Hot Water, Gas, Cable, Sewer, Air Conditioning: Window Units, Post Office: Bronx, Style: High Rise, Village: Riverdale, Garbage: Public, Heating Fuel: Oil Above Ground, Water Description: Municipal, Hotwater: On Demand, Sq Ft Source: Other, Year Built Exception: Actual, Included: A/C Units, Intercom, Sewer Description: Municipal, Pets: No Dogs","Floor size: 942 sqft, Zillow Home ID: 2095560001",290 W 232nd St APT 11D,Bronx,NY,10463
"346 E 51st St, New York, NY 10022",5900000.0,6400.0,9.0,9.0,23261.0,9601872.0,40.7547,-73.9665,,"Fireplace, Garden","Dishwasher, Dryer, Washer",,Unit count: 7,,"Floor size: 6,400 sqft, Laundry: In Unit, Zillow Home ID: 2115535138",346 E 51st St,New York,NY,10022
"153 W 126th St, New York, NY 10027",2495000.0,3000.0,4.0,4.0,9837.0,5130740.0,40.8093,-73.9468,,"800 sqft basement, Fireplace, Flooring: Hardwood, Garden, Jetted Tub, Parking: Off street, Partial basement, Patio, Skylight, Sprinkler System, Vaulted Ceiling","Dishwasher, Dryer, Range / Oven, Refrigerator, Washer",Dining room,"Exterior material: Cement concrete, Room count: 11, Stories: 4, Unit count: 2","Living room, Secured entry, Vintage","Floor size: 3,000 sqft, Last remodel year: 2005, Laundry: In Unit, Zillow Home ID: 2104533654",153 W 126th St,New York,NY,10027
"103-26 68th Ave # 2, Forest Hills, NY 11375",290000.0,780.0,1.0,1.0,1112.0,438483.0,40.725876,-73.850119,,,,,,,"Floor size: 780 sqft, Zillow Home ID: 2098571319",103-26 68th Ave # 2,Forest Hills,NY,11375
"2925 Matthews Ave APT 2B, Bronx, NY 10467",129000.0,1100.0,1.0,2.0,506.0,230813.0,40.868276,-73.862549,,"Elevator, Storage, Transportation",,,Stories: 6,"PropertySubType: Single Family Detached, PropertyType: Residential","Floor size: 1,100 sqft, Zillow Home ID: 2102897882",2925 Matthews Ave APT 2B,Bronx,NY,10467
"2229 Knapp St APT 1H, Brooklyn, NY 11229",188888.0,950.0,1.0,2.0,740.0,1228.0,40.59841,-73.93362,"Cooperative, Built in 1952, 73 days on Zillow, Views since listing: 10,903, All time views: 10,972, 92 shoppers saved this home, HOA Fee: $995/mo, Parking: Garage - Detached, On street, Price/sqft: $199, View Virtual Tour","Cable Ready, Ceiling Fan, Disability Access, Double Pane/Storm Windows, Elevator, Flooring: Carpet, Hardwood, Tile, Garden, Intercom, Lawn, Porch, Security System, Transportation, View: City, Park, Wired","Dishwasher, Range / Oven, Refrigerator",Family room,"Exterior material: Brick, Cement concrete, Roof type: Composition, Structure type: Other",,"Floor size: 950 sqft, Zillow Home ID: 2096207777",2229 Knapp St APT 1H,Brooklyn,NY,11229
"71 Sullivan St APT 3A, New York, NY 10012",580000.0,,1.0,1.0,2263.0,918448.0,40.7244,-74.0039,"Cooperative, Built in 1900, 71 days on Zillow, Views since listing: 15,880, All time views: 19,374, 125 shoppers saved this home, HOA Fee: $942/mo, MLS #: 753479",Storage,,,"Room count: 3, Structure type: Loft, Unit count: 22","Eat-in Kitchen, Pre-War",Zillow Home ID: 2110636108,71 Sullivan St APT 3A,New York,NY,10012
"7507 Aquatic Dr, Arverne, NY 11692",699000.0,2238.0,3.0,3.0,2728.0,646523.0,40.58928,-73.80323,,"Cable Ready, Deck, Fenced Yard, Fireplace, Flooring: Hardwood, Linoleum / Vinyl, Parking: Garage - Attached, On street, 1 space, Patio, Security System, Wired","Dishwasher, Dryer, Garbage disposal, Range / Oven, Refrigerator, Washer","Breakfast nook, Dining room, Family room","Exterior material: Wood, Room count: 8",,"Floor size: 2,238 sqft, Heating: Gas, Laundry: In Unit, Zillow Home ID: 2096807699",7507 Aquatic Dr,Arverne,NY,11692
"1215 Jefferson Ave, Brooklyn, NY 11221",1349000.0,3390.0,4.0,6.0,5319.0,1387771.0,40.691125,-73.913775,,Patio,"Dryer, Washer",,"Stories: 2, Unit count: 3","Other, Smoke Free","Floor size: 3,390 sqft, Last remodel year: 1905, Laundry: In Unit, Parcel #: 033820047, Zillow Home ID: 30628723",1215 Jefferson Ave,Brooklyn,NY,11221
"3305 Fulton St, Brooklyn, NY 11208",509000.0,3600.0,2.0,6.0,1951.0,639086.0,40.68352,-73.87347,,Fireplace,,,"Exterior material: Brick, Stories: 3, Structure type: Other, Unit count: 1",,"Floor size: 3,600 sqft, Parcel #: 041290061, Zillow Home ID: 30642759",3305 Fulton St,Brooklyn,NY,11208
"815 Trinity Ave # M3, Bronx, NY 10456",260000.0,1181.0,2.0,3.0,997.0,125.0,40.820406,-73.907097,,"Cable Ready, Ceiling Fan, Flooring: Carpet, Hardwood, Garden, Gated Entry, Patio, Security System, Transportation",,Laundry room,"Exterior material: Other, Stories: 2, Structure type: Other, Unit count: 1",Finished storage area with extra closet spaces,"Floor size: 1,181 sqft, Heating: Electric, Gas, Parcel #: 026301003, Zillow Home ID: 29779073",815 Trinity Ave # M3,Bronx,NY,10456
"2649 E 23rd St # 3A, Brooklyn, NY 11235",500000.0,918.0,1.0,2.0,1917.0,590844.0,40.5877,-73.9462,,,Dishwasher,,,,"Floor size: 918 sqft, Zillow Home ID: 2096676558",2649 E 23rd St # 3A,Brooklyn,NY,11235
"49 Seafoam St, Staten Island, NY 10306",98000.0,612.0,1.0,2.0,388.0,159306.0,40.56386,-74.099045,,"View: Park, Water",,Dining room,"Exterior material: Other, Stories: 1, Structure type: Bungalow","Detached: Det, Eat In Kitchen: Y, Picture: Y, STATUS: A, Last Status Change: PC, Foreclose?: Y, Basement: None, Style: Cottage, Heat: -, County: O, Zone: 99, Fuel: -, # Fireplaces: 0, # Kitchens: 1, Dryer: 0, Washer: 0, Refrigerator: 0, MBR 1ST FLOOR: Y","Floor size: 612 sqft, Last remodel year: 1920, Parcel #: 040800012, Zillow Home ID: 32335808",49 Seafoam St,Staten Island,NY,10306
"4219 216th St, Bayside, NY 11361",1888000.0,,5.0,6.0,7444.0,1142932.0,40.76334,-73.76631,,"1300 sqft basement, Attic, Cable Ready, Double Pane/Storm Windows, Finished basement, Flooring: Hardwood, Tile, Vaulted Ceiling","Dishwasher, Dryer, Microwave, Range / Oven, Refrigerator, Washer","Dining room, Laundry room, Master bath",Room count: 14,,"Last remodel year: 2016, Laundry: In Unit, Zillow Home ID: 2096254076",4219 216th St,Bayside,NY,11361
"2649 E 23rd St # 1A, Brooklyn, NY 11235",315000.0,487.0,1.0,1.0,1208.0,442504.0,40.5877,-73.9462,"Condo, 95 days on Zillow, Views since listing: 8,115, All time views: 8,115, 56 shoppers saved this home, HOA Fee: $280/mo, Price/sqft: $647",,Dishwasher,,,,"Floor size: 487 sqft, Zillow Home ID: 2096428230",2649 E 23rd St # 1A,Brooklyn,NY,11235
"1885 Lexington Ave APT 7B, New York, NY 10035",699000.0,,1.0,2.0,2728.0,890576.0,40.799533,-73.94065,,"955 sqft basement, Cable Ready, Controlled Access, Doorman, Double Pane/Storm Windows, Elevator, Flooring: Hardwood, Intercom, Security System, Storage, Transportation, View: City, Wired","Dishwasher, Dryer, Microwave, Range / Oven, Refrigerator, Washer",,"Room count: 4, Stories: 7","washer dryer, virtual doorman, roofdeck, private garden plot","Parcel #: 1645110201885000000007B, Zillow Home ID: 119909039",1885 Lexington Ave APT 7B,New York,NY,10035
"1464 66th St APT 1, Brooklyn, NY 11219",1600000.0,,5.0,6.0,6308.0,1887349.0,40.62336,-73.99899,,"Parking: On street, View: City",,,"Exterior material: Brick, Cement concrete, Roof type: Built up, Stories: 3, Unit count: 5",,Zillow Home ID: 2097073366,1464 66th St APT 1,Brooklyn,NY,11219
"2642 E 27th St, Brooklyn, NY 11235",719000.0,1600.0,2.0,3.0,2806.0,734699.0,40.588165,-73.942765,,"Fenced Yard, Garden, Parking: On street",,,"Exterior material: Stucco, Roof type: Shake Shingle, Stories: 2, Unit count: 1",,"Floor size: 1,600 sqft, Last remodel year: 1910, Parcel #: 074710023, Zillow Home ID: 30750028",2642 E 27th St,Brooklyn,NY,11235
"671 47th St APT 4A, Brooklyn, NY 11220",430000.0,825.0,1.0,2.0,1648.0,453340.0,40.644542,-74.004364,,Storage,,,"Stories: 4, Unit count: 16",,"Floor size: 825 sqft, Parcel #: 00758004800671000000004A, Unit floor #: 1, Zillow Home ID: 79709677",671 47th St APT 4A,Brooklyn,NY,11220
"2925 W 5th St APT 2B, Brooklyn, NY 11224",325000.0,1025.0,1.0,2.0,1246.0,821039.0,40.5777,-73.9719,,Storage,,,Unit count: 528,,"Floor size: 1,025 sqft, Zillow Home ID: 2100158147",2925 W 5th St APT 2B,Brooklyn,NY,11224
"77 Fulton St APT 4D, New York, NY 10038",1250000.0,,1.0,2.0,4928.0,130.0,40.7093,-74.0036,,"Doorman, Elevator, Storage",Dishwasher,,,,Zillow Home ID: 2100555273,77 Fulton St APT 4D,New York,NY,10038
"458 Neptune Ave APT 10B, Brooklyn, NY 11224",399000.0,950.0,1.0,2.0,1530.0,826163.0,40.5789,-73.9711,,"Barbecue, Elevator, Fitness Center, Patio, Storage, View: City",,,"Exterior material: Brick, Stories: 23, Unit count: 1642",,"Floor size: 950 sqft, Unit floor #: 10, Zillow Home ID: 2095842064",458 Neptune Ave APT 10B,Brooklyn,NY,11224
"1145 E 10th St, Brooklyn, NY 11230",1400000.0,2242.0,4.0,6.0,5520.0,127.0,40.62111,-73.965195,,,,,Stories: 2,,"Floor size: 2,242 sqft, Last remodel year: 1930, Parcel #: 065360066, Zillow Home ID: 30716817",1145 E 10th St,Brooklyn,NY,11230
"1721 Menahan St, Ridgewood, NY 11385",1900000.0,4875.0,6.0,18.0,7491.0,1163210.0,40.70393,-73.91129,,,,,Unit count: 6,,"Floor size: 4,875 sqft, Zillow Home ID: 2097248474",1721 Menahan St,Ridgewood,NY,11385
"3298 Amboy Rd, Staten Island, NY 10306",449000.0,960.0,2.0,3.0,1721.0,131.0,40.56037,-74.134665,,"960 sqft basement, Barbecue, Deck, Fenced Yard, Lawn, Parking: Carport, Off street, 8 spaces, Patio, Porch",,,"Exterior material: Brick, Stone, Wood, Roof type: Shake Shingle, Stories: 1, Structure type: Ranch",,"Floor size: 960 sqft, Last remodel year: 1955, Parcel #: 049640016, Zillow Home ID: 32344466",3298 Amboy Rd,Staten Island,NY,10306
"116 28th Ave, Brooklyn, NY 11214",1200000.0,3200.0,5.0,4.0,4731.0,1421094.0,40.58821,-73.986935,,"1000 sqft basement, Barbecue, Cable Ready, Ceiling Fan, Deck, Double Pane/Storm Windows, Fenced Yard, Finished basement, Fireplace, Flooring: Hardwood, Tile, Furnished, Intercom, Jetted Tub, Parking: On street, Pool, Sauna, Security System, Skylight, Storage, Transportation, Wired","Dishwasher, Dryer, Freezer, Microwave, Range / Oven, Refrigerator, Washer","Dining room, Family room, Laundry room, Master bath, Pantry, Walk-in closet","Exterior material: Brick, Roof type: Shake Shingle, Stories: 2, Structure type: Other, Unit count: 3","heated pool, outdoor stainless steel kitchen, security and camera system, multi zoned central air, custom built deck and steel beam support.","Floor size: 3,200 sqft, Last remodel year: 2004, Laundry: In Unit, Parcel #: 069150016, Zillow Home ID: 30731535",116 28th Ave,Brooklyn,NY,11214
"1221 E 223rd St, Bronx, NY 10466",399000.0,960.0,3.0,4.0,1530.0,344524.0,40.8815,-73.846235,,"Deck, Fenced Yard, Patio, Transportation",,,"Exterior material: Shingle, Wood products, Stories: 2, Structure type: Other",,"Floor size: 960 sqft, Last remodel year: 1955, Parcel #: 048980035, Zillow Home ID: 29834242",1221 E 223rd St,Bronx,NY,10466
"458 Neptune Ave APT 9L, Brooklyn, NY 11224",399000.0,1000.0,1.0,2.0,1530.0,851321.0,40.5789,-73.9711,,"Elevator, Storage, Waterfront",,,Unit count: 572,,"Floor size: 1,000 sqft, Zillow Home ID: 2095965038",458 Neptune Ave APT 9L,Brooklyn,NY,11224
"9910 216th St # 1, Queens Village, NY 11429",469000.0,,3.0,3.0,1798.0,522823.0,40.7129,-73.7429,,,,,,,"Last remodel year: 2016, Zillow Home ID: 2096060275",9910 216th St # 1,Queens Village,NY,11429
"13902 Lakewood Ave # 000, Jamaica, NY 11435",420000.0,,3.0,4.0,1610.0,475064.0,40.6862,-73.8047,,"Parking: Carport, Off street",,,,,Zillow Home ID: 2095994682,13902 Lakewood Ave # 000,Jamaica,NY,11435
"6660 80th St APT 109, Flushing, NY 11379",549000.0,1300.0,2.0,2.0,2142.0,563214.0,40.714287,-73.871767,"Condo, Built in 1985, 220 days on Zillow, Views since listing: 14,507, All time views: 14,582, 49 shoppers saved this home, HOA Fee: $422/mo, Parking: Off street, Last sold: Sep 2000 for $150,000, Price/sqft: $422","Finished basement, Flooring: Tile, Intercom, Security System","Range / Oven, Refrigerator","Dining room, Family room, Master bath","Exterior material: Brick, Stories: 1, Unit count: 1",,"Floor size: 1,300 sqft, Parcel #: 030701013, Zillow Home ID: 31998556",6660 80th St APT 109,Flushing,NY,11379
"10755 164th St, Jamaica, NY 11433",439000.0,1212.0,3.0,4.0,1683.0,461246.0,40.697225,-73.790345,,"Barbecue, Fenced Yard, Garden, Parking: On street",Refrigerator,Dining room,"Exterior material: Stucco, Stories: 2, Structure type: Colonial","Detached/Attached: Det, Eat In Kitchen: Y, Heat: Hw, Picture: Y, STATUS: A, Fuel: Gas, Zone: 14, Last Status Change: NEW, # Fireplaces: 0, # Kitchens: 1, County: Queens, MBR 1ST FLOOR: Y","Floor size: 1,212 sqft, Last remodel year: 2016, Parcel #: 101670004, Zillow Home ID: 32138805",10755 164th St,Jamaica,NY,11433
"15135 84th St FL 5, Howard Beach, NY 11414",235000.0,750.0,1.0,1.0,921.0,351311.0,40.6695,-73.8488,,Elevator,Dishwasher,,Stories: 5,"HOA or Building Fee: 0.00, Appliance Oven: yes, Floor Number of Unit: 5, Building Smoking Allowed: yes","Floor size: 750 sqft, Unit floor #: 5, Zillow Home ID: 2096056101",15135 84th St FL 5,Howard Beach,NY,11414
"278 Bradley Ave, Staten Island, NY 10314",449000.0,960.0,1.0,2.0,1721.0,435736.0,40.60456,-74.131914,,"400 sqft basement, Cable Ready, Ceiling Fan, Deck, Double Pane/Storm Windows, Fenced Yard, Flooring: Hardwood, Tile, Garden, Lawn, Parking: Off street, Partial basement, Transportation, View: Mountain","Dishwasher, Dryer, Range / Oven, Refrigerator, Washer",,"Exterior material: Vinyl, Room count: 4, Stories: 2, Structure type: Colonial, Unit count: 1",,"Floor size: 960 sqft, Heating: Gas, Last remodel year: 2012, Laundry: In Unit, Parcel #: 007740104, Zillow Home ID: 32291275",278 Bradley Ave,Staten Island,NY,10314
"10444 91st Ave, Richmond Hill, NY 11418",595000.0,,3.0,4.0,2322.0,788605.0,40.6931,-73.8406,,,,,,,Zillow Home ID: 2096638245,10444 91st Ave,Richmond Hill,NY,11418
"458 Neptune Ave # 6, Brooklyn, NY 11224",360000.0,1000.0,1.0,2.0,1380.0,846673.0,40.5789,-73.9711,,"Elevator, Waterfront",,,Unit count: 572,,"Floor size: 1,000 sqft, Zillow Home ID: 2097893838",458 Neptune Ave # 6,Brooklyn,NY,11224
"16018 121st Ave, Jamaica, NY 11434",759000.0,,5.0,6.0,2962.0,702449.0,40.673235,-73.775238,,,,,,,Zillow Home ID: 2098998941,16018 121st Ave,Jamaica,NY,11434
"2809 E 28th St # 3C, Brooklyn, NY 11235",629000.0,1475.0,3.0,3.0,2455.0,637822.0,40.584787,-73.940832,,"Attic, Cable Ready, Deck, Double Pane/Storm Windows, Flooring: Hardwood, Tile, Hot Tub/Spa, Intercom, Jetted Tub, Patio, Sauna, Skylight, Storage, Transportation, Vaulted Ceiling, View: City, Water, Waterfront, Wet Bar, Wired","Dishwasher, Dryer, Microwave, Range / Oven, Refrigerator, Trash compactor, Washer",,"Exterior material: Brick, Stories: 2, Structure type: Modern, Unit count: 9","Borough: Brooklyn, A/C Unit, Dishwasher, Dryer, Laundry Area, Microwave, Refrigerator, Stove, Washer, Window Treatments, Housing Certificate Y/N: Yes, Property Type: Condo, Region: Brooklyn, UtilitiesIncluded: Parking","Floor size: 1,475 sqft, Parcel #: 087921009, Zillow Home ID: 62649422",2809 E 28th St # 3C,Brooklyn,NY,11235
"2001 Palmetto St, Ridgewood, NY 11385",2398000.0,6250.0,5.0,12.0,9454.0,1164356.0,40.706086,-73.904559,,1875 sqft basement,Refrigerator,Dining room,"Stories: 0, Unit count: 4","Class: Res, Eat In Kitchen: Y, Fuel: Gas, Heat: Steam, Last Status Change: NEW, Picture: Y, STATUS: A, Zone: 10, Detached/Attached: Sd, Style: Other, LIST TYPE: P, Dryer: 0, # Fireplaces: 0, Washer: 0, Basement/Subfloor: Full, # Kitchens: 4, County: Queens","Floor size: 6,250 sqft, Zillow Home ID: 2096541772",2001 Palmetto St,Ridgewood,NY,11385
"32-44 47th St, Long Island City, NY 11103",1240000.0,2700.0,4.0,5.0,4889.0,1293836.0,40.755365,-73.914565,,"Parking: Garage - Detached, 2 spaces",Refrigerator,Dining room,"Stories: 4, Structure type: Other, Unit count: 2","Attic: Y, Class: Res, Fuel: Gas, Heat: Steam, Last Status Change: NEW, Picture: Y, STATUS: A, Detached/Attached: Att, Den/Family Room: Y, Office: Y, Zone: 11, Driveway: Pty, Style: Duplex, Dryer: 0, # Fireplaces: 0, # Kitchens: 2, Washer: 0, Basement/Subfloor: Finished, Full Bathroom, Huge Closets, 3 Separate Entrances, County: Queens","Floor size: 2,700 sqft, Last remodel year: 1930, Parcel #: 007220056, Zillow Home ID: 31942303",32-44 47th St,Long Island City,NY,11103
"9004 187th Pl # 1, Hollis, NY 11423",799000.0,3200.0,3.0,6.0,3150.0,936315.0,40.71198,-73.77248,,,,,,,"Floor size: 3,200 sqft, Zillow Home ID: 2095965328",9004 187th Pl # 1,Hollis,NY,11423
"65 W End Ave # 2, Brooklyn, NY 11235",995000.0,1455.0,2.0,2.0,3923.0,974235.0,40.5801,-73.9533,,Elevator,Dishwasher,,Unit count: 5,,"Floor size: 1,455 sqft, Zillow Home ID: 2096333466",65 W End Ave # 2,Brooklyn,NY,11235
"10 W 66th St APT 22F, New York, NY 10023",3400000.0,2150.0,3.0,4.0,13405.0,124.0,40.7724,-73.9798,,"Doorman, Elevator, Patio, View: City, Park",Dishwasher,,"Room count: 7, Stories: 32, Unit count: 288","North South and West exposures, Balcony Full city view Full park view Full skyline view Floors - herringbone Light - excellent Marble bath Walk in closets Great closet space Dishwasher","Floor size: 2,150 sqft, Zillow Home ID: 2099010779",10 W 66th St APT 22F,New York,NY,10023
"140 Sinclair Ave, Staten Island, NY 10312",574000.0,1176.0,1.0,3.0,2240.0,113.0,40.547514,-74.184825,,"1176 sqft basement, Fenced Yard, Lawn, Parking: Off street",,,"Exterior material: Brick, Vinyl, Roof type: Shake Shingle, Stories: 1, Structure type: Ranch",,"Floor size: 1,176 sqft, Last remodel year: 1965, Parcel #: 062350027, Zillow Home ID: 32364528",140 Sinclair Ave,Staten Island,NY,10312
"2918 Brighton 6th St APT 3A, Brooklyn, NY 11235",629000.0,1170.0,2.0,3.0,2455.0,892877.0,40.57986,-73.96242,,"Cable Ready, Ceiling Fan, Controlled Access, Disability Access, Elevator, Finished basement, Flooring: Carpet, Hardwood, Laminate, Tile, Gated Entry, Intercom, Jetted Tub, Patio, Security System, Sprinkler System, Storage, Transportation, View: City, Territorial, Wired","Dishwasher, Dryer, Freezer, Garbage disposal, Microwave, Range / Oven, Refrigerator, Trash compactor, Washer","Breakfast nook, Dining room, Family room, Laundry room, Master bath, Office, Walk-in closet","Exterior material: Brick, Room count: 6, Stories: 6, Structure type: Modern",,"Floor size: 1,170 sqft, Unit floor #: 3, Zillow Home ID: 2098637682",2918 Brighton 6th St APT 3A,Brooklyn,NY,11235
"25312 Brattle Ave, Little Neck, NY 11362",925000.0,1616.0,2.0,3.0,3647.0,951980.0,40.767926,-73.729379,,"400 sqft basement, Attic, Barbecue, Cable Ready, Double Pane/Storm Windows, Fenced Yard, Finished basement, Fireplace, Flooring: Hardwood, Garden, Jetted Tub, Lawn, Parking: Garage - Attached, 1 space, 400 sqft garage, Patio, Porch, Security System, Sprinkler System, Storage, Transportation, View: City, Wet Bar, Wired","Dishwasher, Dryer, Microwave, Refrigerator, Washer","Dining room, Family room, Laundry room, Master bath, Office","Exterior material: Brick, Roof type: Shake Shingle, Stories: 2, Structure type: Colonial, Unit count: 1","Detached/Attached: Det, Driveway: Pvt, Eat In Kitchen: Y, Heat: Hw, Picture: Y, STATUS: A, Water: Public, A/C: 1, Attic: Y, Sewer: Y, Wood Floors: Y, Fuel: Gas, Last Status Change: PC, Zone: 12, LIST TYPE: P, # Fireplaces: 0, # Kitchens: 1, Inground Sprinklers: Yes, County: Queens, CORNER PROPERTY: Y","Floor size: 1,616 sqft, Last remodel year: 2007, Laundry: In Unit, Zillow Home ID: 2096862656",25312 Brattle Ave,Little Neck,NY,11362
"19 Peter St # A, Staten Island, NY 10314",299000.0,1496.0,2.0,2.0,1146.0,295751.0,40.620872,-74.151527,,"Barbecue, Lawn, Pool",,,"Exterior material: Vinyl, Roof type: Shake Shingle, Stories: 2, Unit count: 1",,"Floor size: 1,496 sqft, Heating: Gas, Parcel #: 014951180, Zillow Home ID: 32302752",19 Peter St # A,Staten Island,NY,10314
"3085 Vernon Blvd # B, Astoria, NY 11102",1380000.0,1200.0,2.0,3.0,5441.0,,40.769523,-73.934562,,"View: Water, Waterfront",,,"Stories: 0, Structure type: Other, Unit count: 0",,"Floor size: 1,200 sqft, Zillow Home ID: 2096201731",3085 Vernon Blvd # B,Astoria,NY,11102
"11220 72nd Dr APT A47, Forest Hills, NY 11375",723000.0,1400.0,2.0,3.0,2821.0,129.0,40.720343,-73.837304,,"Doorman, Garden, Storage","Dryer, Refrigerator, Washer",Dining room,"Roof type: Other, Room count: 6, Stories: 6, Structure type: Other, Unit count: 221","Detached: Det, Fuel: Oil, Picture: Y, STATUS: A, W: Y, Heat: Steam, Wood Floors: Y, County: Q, Class: Con, Kitchen Type: Eik, Pets: Y, Basement: None, Style: Co-Op, Zone: 10, Sewer: Inc, Last Status Change: NEW, # Fireplaces: 0, Heating: Included, MBR 1ST FLOOR: Y, PET TYPE SRCH: .01.02., PARKING: W","Floor size: 1,400 sqft, Unit floor #: 4, Zillow Home ID: 2105921529",11220 72nd Dr APT A47,Forest Hills,NY,11375
"2590 Heath Ave, Bronx, NY 10463",,800.0,,,,348038.0,40.86882,-73.90688,,,,,Structure type: Other,"Property Type: Land, Status: Active, Village: None, Water Description: Municipal, Post Office: Bronx, Garbage: Public, Sewer Description: Municipal","Floor size: 800 sqft, Parcel #: 032370060, Zillow Home ID: 29786713",2590 Heath Ave,Bronx,NY,10463
"135 Oceana Dr E # PH2D, Brooklyn, NY 11235",3449000.0,2800.0,3.0,3.0,13598.0,1531082.0,40.57719,-73.95757,,"Deck, Elevator, Fitness Center, Flooring: Hardwood, Tile, Sauna, Storage, Waterfront","Dishwasher, Dryer, Freezer, Microwave, Range / Oven, Refrigerator","Breakfast nook, Dining room, Family room, Laundry room, Library, Master bath, Office, Recreation room","Exterior material: Brick, Stories: 7, Structure type: Split level, Unit count: 120",,"Floor size: 2,800 sqft, Heating: Gas, Unit floor #: 7, Zillow Home ID: 2096294887",135 Oceana Dr E # PH2D,Brooklyn,NY,11235
"6309 108th St, Forest Hills, NY 11375",489000.0,1250.0,1.0,2.0,1875.0,26.0,40.73464,-73.85048,"Cooperative, 130 days on Zillow, Views since listing: 11,139, All time views: 11,139, 56 shoppers saved this home, HOA Fee: $811/mo, Parking: Garage - Attached, Price/sqft: $391","Elevator, Flooring: Hardwood, Gated Entry, Intercom, Transportation","Dishwasher, Freezer, Garbage disposal, Range / Oven, Refrigerator","Breakfast nook, Dining room, Family room, Office, Pantry, Walk-in closet","Exterior material: Brick, Cement concrete, Stories: 7",,"Floor size: 1,250 sqft, Heating: Gas, Zillow Home ID: 2096848724",6309 108th St,Forest Hills,NY,11375
"14250 122nd Ave, Jamaica, NY 11436",459000.0,1240.0,3.0,4.0,1760.0,414287.0,40.67498,-73.796295,,"Fenced Yard, Garden, Lawn, Parking: Off street, Transportation",Dishwasher,,"Exterior material: Brick, Stories: 3, Structure type: Colonial, Unit count: 1",,"Floor size: 1,240 sqft, Last remodel year: 2016, Parcel #: 120380033, Zillow Home ID: 32182950",14250 122nd Ave,Jamaica,NY,11436
"15822 Powells Cove Blvd, Flushing, NY 11357",705000.0,,2.0,2.0,2751.0,15.0,40.794015,-73.80247,,,"Dryer, Refrigerator, Washer",Dining room,Stories: 0,"Den/Family Room: Y, Eat In Kitchen: Y, Last Status Change: EXT, Picture: Y, STATUS: A, Water: Public, Heat: Steam, Sewer: Y, Fuel: Gas, Detached/Attached: Att, Office: Y, A/C: 3, Zone: 12, Driveway: Pty, Style: Townhouse, LIST TYPE: P, # Fireplaces: 0, # Kitchens: 1, County: Queens","Laundry: In Unit, Parcel #: 045540063, Zillow Home ID: 32028399",15822 Powells Cove Blvd,Flushing,NY,11357
"166 Perry St # 5, New York, NY 10014",4500000.0,1521.0,3.0,2.0,17741.0,2980735.0,40.734663,-74.009241,,"Doorman, Elevator",,,Structure type: Modern,,"Floor size: 1,521 sqft, Zillow Home ID: 2097641004",166 Perry St # 5,New York,NY,10014
"1679 E 19th St # 2B, Brooklyn, NY 11229",899000.0,1530.0,2.0,3.0,3544.0,928648.0,40.60949,-73.95444,"Condo, Built in 1920, 45 days on Zillow, Views since listing: 2,357, All time views: 2,358, 12 shoppers saved this home, HOA Fee: $321/mo, Laundry: In Unit, Parking: Carport, Price/sqft: $588, MLS #: 611038",,"Dishwasher, Dryer, Washer",,Unit count: 6,,"Floor size: 1,530 sqft, Zillow Home ID: 2096793730",1679 E 19th St # 2B,Brooklyn,NY,11229
"97 Rutland Rd, Brooklyn, NY 11225",1825000.0,3856.0,3.0,7.0,7195.0,1213.0,40.659175,-73.957365,,"Fireplace, Flooring: Hardwood, Tile, Garden, Patio, Unfinished basement",Refrigerator,"Dining room, Mud room, Walk-in closet","Stories: 4, Structure type: Other, Unit count: 1","Den: Oil, Picture: Y, STATUS: A, Attic: Y, Heat: Steam, Sewer: Y, Wood Floors: Y, TOUR FLAG: Y, Detached: Att, Zone: 13, Style: Other, Last Status Change: NEW, # Kitchens: 2, County: Brooklyn","Floor size: 3,856 sqft, Last remodel year: 1901, Parcel #: 050340063, Zillow Home ID: 30664827",97 Rutland Rd,Brooklyn,NY,11225
"9706 Avenue K, Brooklyn, NY 11236",659999.0,1760.0,2.0,5.0,,642873.0,40.640375,-73.896525,,,Refrigerator,Dining room,"Stories: 1, Unit count: 2","Class: Res, Driveway: Pvt, Eat In Kitchen: Y, Fuel: Gas, Heat: Steam, Picture: Y, STATUS: A, Detached/Attached: Att, Last Status Change: PC, Style: 2 Story, Zone: 13, # Fireplaces: 0, # Kitchens: 2, MBR 1ST FLOOR: Y, County: Brooklyn","Floor size: 1,760 sqft, Last remodel year: 1955, Parcel #: 082430039, Zillow Home ID: 30776308",9706 Avenue K,Brooklyn,NY,11236
"12708 Sutter Ave, South Ozone Park, NY 11420",949999.0,,4.0,6.0,3745.0,858554.0,40.674187,-73.8191,,,,,,,Zillow Home ID: 2096430884,12708 Sutter Ave,South Ozone Park,NY,11420
"2147 59th St, Brooklyn, NY 11204",1099000.0,2226.0,2.0,3.0,4333.0,121.0,40.61808,-73.97867,,,,,"Stories: 2, Unit count: 1",,"Floor size: 2,226 sqft, Last remodel year: 1925, Parcel #: 055080059, Zillow Home ID: 30679887",2147 59th St,Brooklyn,NY,11204
"118-04 233st, Cambria Heights, NY 11411",575000.0,,3.0,4.0,2244.0,525255.0,40.693091,-73.736764,,,,,,,Zillow Home ID: 2095804157,118-04 233st,Cambria Heights,NY,11411
"18333 Dunlop Ave, Jamaica, NY 11412",455000.0,,2.0,4.0,1744.0,505821.0,40.697434,-73.762446,,,,,,,Zillow Home ID: 2095983760,18333 Dunlop Ave,Jamaica,NY,11412
"123 Washington St APT 50H, New York, NY 10006",1250000.0,606.0,1.0,1.0,4928.0,1197529.0,40.709156,-74.01371,"Condo, Built in 2010, 264 days on Zillow, Views since listing: 19,074, All time views: 20,345, 123 shoppers saved this home, HOA Fee: $892/mo, Cooling: Central, Heating: Forced air, Laundry: In Unit, Parking: Carport, Last sold: Apr 2012 for $1,024,318, Price/sqft: $2,063, MLS #: 74a1c55f76c6c352a08af8e7f79eca697a3f9d19","Deck, Doorman, Elevator, Flooring: Hardwood, Tile, Patio, View: City, Water","Dishwasher, Dryer, Washer",,"Exterior material: Cement concrete, Room count: 3, Structure type: Loft, Unit count: 223","Concierge, fios_available, live_in_super, lounge, media_room, pets, recreation_facilities, roofdeck, sublet, washer_dryer","Floor size: 606 sqft, Heating: Gas, Parcel #: 00531326, Unit floor #: 50, Zillow Home ID: 112512406",123 Washington St APT 50H,New York,NY,10006
"13019 135th Pl, Jamaica, NY 11420",429999.0,840.0,2.0,2.0,1648.0,382886.0,40.67057,-73.80235,,,,,Stories: 2,,"Floor size: 840 sqft, Last remodel year: 2016, Parcel #: 117810269, Zillow Home ID: 32177541",13019 135th Pl,Jamaica,NY,11420
"161 W 133rd St APT 1A, New York, NY 10030",549000.0,682.0,2.0,,2142.0,591953.0,40.813816,-73.943603,,"Flooring: Hardwood, Intercom","Dishwasher, Dryer, Microwave, Range / Oven, Refrigerator, Washer",,"Stories: 5, Unit count: 12",,"Floor size: 682 sqft, Parcel #: 19181002, Zillow Home ID: 97533259",161 W 133rd St APT 1A,New York,NY,10030
"355 Kings Hwy APT 5F, Brooklyn, NY 11223",979000.0,1867.0,3.0,3.0,3860.0,990743.0,40.605015,-73.977037,,"Barbecue, Cable Ready, Deck, Elevator, Fenced Yard, Fireplace, Flooring: Hardwood, Hot Tub/Spa, Intercom, Patio, Security System, Skylight, Sprinkler System, Unfinished basement, View: City, Territorial","Dishwasher, Dryer, Washer","Dining room, Laundry room, Master bath, Recreation room, Walk-in closet","Stories: 6, Unit count: 28",,"Floor size: 1,867 sqft, Heating: Gas, Parcel #: 066531040, Unit floor #: 5, Zillow Home ID: 68314454",355 Kings Hwy APT 5F,Brooklyn,NY,11223
"1758 Dekalb Ave, Ridgewood, NY 11385",1449000.0,2544.0,4.0,8.0,5713.0,1141265.0,40.70705,-73.91647,"Baths: 3 full, 1 half, Lot: 2,543 sqft, Multi Family, Built in 1930, 133 days on Zillow, Views since listing: 4,241, All time views: 4,241, 27 shoppers saved this home, Price/sqft: $570","1240 sqft basement, Finished basement, Flooring: Hardwood, Parking: Garage - Detached, 500 sqft garage","Dryer, Refrigerator, Washer",Dining room,"Exterior material: Brick, Room count: 11, Stories: 0, Unit count: 3","Class: Res, Eat In Kitchen: Y, Picture: Y, STATUS: A, Fuel: Oil, Heat: Hw, Last Status Change: PC, Zone: 10, Detached/Attached: Sd, Style: 2 Story, Driveway: Pty, # Fireplaces: 0, # Kitchens: 3, Basement/Subfloor: Full Finish, County: Queens","Floor size: 2,544 sqft, Heating: Oil, Laundry: In Unit, Zillow Home ID: 2096878460",1758 Dekalb Ave,Ridgewood,NY,11385
"21532 106th Ave, Jamaica, NY 11429",549000.0,1488.0,3.0,4.0,2142.0,453562.0,40.71098,-73.7423,,"Attic, Cable Ready, Finished basement, Flooring: Hardwood, High Speed Internet Ready, Parking: Carport, Off street, On street, Storage","Range / Oven, Refrigerator","Dining room, Family room, Mud room, Office, Recreation room, Sun room","Room count: 15, Stories: 3, Unit count: 1",Living room,"Floor size: 1,488 sqft, Last remodel year: 2017, Parcel #: 111010031, Zillow Home ID: 32160998",21532 106th Ave,Jamaica,NY,11429
"65 W End Ave # 3, Brooklyn, NY 11235",1375000.0,1825.0,2.0,3.0,5421.0,1325989.0,40.5801,-73.9533,,Elevator,Dishwasher,,Unit count: 0,,"Floor size: 1,825 sqft, Zillow Home ID: 2096334175",65 W End Ave # 3,Brooklyn,NY,11235
"1974 E 36th St # 01, Brooklyn, NY 11234",689000.0,,3.0,3.0,2689.0,727222.0,40.61049,-73.93232,,,,,,,"Last remodel year: 2016, Zillow Home ID: 2097132389",1974 E 36th St # 01,Brooklyn,NY,11234
"861 Woodward Ave, Ridgewood, NY 11385",1750000.0,3417.0,4.0,12.0,6899.0,1142445.0,40.702916,-73.902088,,,,,Unit count: 4,"Class: Res, Eat In Kitchen: Y, Fuel: Gas, Last Status Change: NEW, Picture: Y, STATUS: A, Heat: Hw, Detached: Att, Zone: 10, Style: 2 Story, Dryer: 0, # Fireplaces: 0, Washer: 0, Basement: Full Basement, # Kitchens: 4, County: Queens","Floor size: 3,417 sqft, Zillow Home ID: 2098781654",861 Woodward Ave,Ridgewood,NY,11385
"130-23 135pl, Queens, NY 11436",429999.0,,2.0,2.0,1648.0,1210.0,40.671077,-73.802451,,,,,,,"Last remodel year: 2016, Zillow Home ID: 2096583444",130-23 135pl,Queens,NY,11436
"129 Yetman Ave, Staten Island, NY 10307",520000.0,1760.0,2.0,3.0,1993.0,131.0,40.51318,-74.246205,,"Attic, Barbecue, Cable Ready, Ceiling Fan, Fenced Yard, Flooring: Carpet, Hardwood, Laminate, Tile, Garden, Lawn, Parking: Carport, Off street, Porch, Transportation, Unfinished basement","Dishwasher, Range / Oven","Breakfast nook, Dining room, Laundry room, Pantry, Walk-in closet","Exterior material: Vinyl, Roof type: Asphalt, Room count: 7, Stories: 2, Structure type: Colonial",,"Floor size: 1,760 sqft, Heating: Gas, Last remodel year: 1905, Parcel #: 080240027, Zillow Home ID: 32377217",129 Yetman Ave,Staten Island,NY,10307
"1907 Lacombe Ave, Bronx, NY 10473",435000.0,1448.0,3.0,3.0,1668.0,400063.0,40.815794,-73.857515,,,,,Stories: 3,,"Floor size: 1,448 sqft, Last remodel year: 1930, Parcel #: 035270006, Zillow Home ID: 29792011",1907 Lacombe Ave,Bronx,NY,10473
"646 E 53rd St, Brooklyn, NY 11203",749000.0,1408.0,3.0,6.0,2923.0,131.0,40.643595,-73.926915,,"Barbecue, Fenced Yard, Garden, Parking: Garage - Detached, Off street, On street, 2 spaces",,,"Stories: 3, Unit count: 2",,"Floor size: 1,408 sqft, Last remodel year: 2017, Parcel #: 047730022, Zillow Home ID: 30656244",646 E 53rd St,Brooklyn,NY,11203
"7025 Yellowstone Blvd APT 16E, Forest Hills, NY 11375",439000.0,,,1.0,1683.0,366559.0,40.722157,-73.849274,,"Elevator, Pool, Storage",Dishwasher,,"Stories: 0, Structure type: Other, Unit count: 563","A/C: Cac, Detached/Attached: Det, Heat: Hw, Picture: Y, STATUS: A, Fuel: Gas, Class: Con, Pets: Y, Smoking: Y, Style: Co-Op, Zone: 10, Kitchen Type: Combo, Last Status Change: NEW, County: Queens, MBR 1ST FLOOR: Y, PET TYPE SRCH: .01.","Parcel #: 03236003500070025000016E, Zillow Home ID: 80391112",7025 Yellowstone Blvd APT 16E,Forest Hills,NY,11375
"18331 Dunlop Ave, Jamaica, NY 11412",466000.0,1694.0,2.0,4.0,1786.0,428416.0,40.702794,-73.77228,,Parking: Garage - Attached,"Dryer, Refrigerator",Dining room,"Roof type: Other, Room count: 8, Stories: 1, Structure type: Other","Driveway: Pvt, Eat In Kitchen: Y, Picture: Y, STATUS: A, W: Y, Fuel: Gas, County: Q, Detached: Att, A: Y, Zone: 14, Heat: Rad, Last Status Change: NEW, Style: Townhouse, # Fireplaces: 0, # Kitchens: 2, Taxes: 3077.00, MBR 1ST FLOOR: Y","Floor size: 1,694 sqft, Last remodel year: 1945, Laundry: In Unit, Parcel #: 103470092, Zillow Home ID: 32142645",18331 Dunlop Ave,Jamaica,NY,11412
"658 Sapphire St, Brooklyn, NY 11208",759000.0,3465.0,5.0,8.0,2962.0,743706.0,40.664249,-73.856055,,"Cable Ready, Finished basement, Flooring: Hardwood, Intercom, Parking: Garage - Attached, Off street, Patio, Skylight, Transportation",Refrigerator,Dining room,"Exterior material: Brick, Stories: 3, Structure type: Colonial, Unit count: 2","Sewer Type: Municipal, Water Source Type: Municipal, Garage Type: Yes, HOA or Building Fee: 0.00","Floor size: 3,465 sqft, Last remodel year: 1988, Parcel #: 045580099, Zillow Home ID: 30650165",658 Sapphire St,Brooklyn,NY,11208
"12008 Springfield Blvd, Jamaica, NY 11411",469000.0,1402.0,2.0,3.0,,442294.0,40.691085,-73.7468,,,,,"Stories: 2, Unit count: 1",,"Floor size: 1,402 sqft, Last remodel year: 1950, Parcel #: 126940042, Zillow Home ID: 32195490",12008 Springfield Blvd,Jamaica,NY,11411
"2632 Atlantic Ave # 0, Brooklyn, NY 11207",5500000.0,,,,21684.0,682580.0,40.67561,-73.89735,,,,,,,Zillow Home ID: 2098380459,2632 Atlantic Ave # 0,Brooklyn,NY,11207
"14819 Linden Blvd, Jamaica, NY 11436",429000.0,1500.0,3.0,3.0,1645.0,397267.0,40.68627,-73.794825,,,,,Stories: 2,,"Floor size: 1,500 sqft, Last remodel year: 1940, Parcel #: 119660024, Zillow Home ID: 32180658",14819 Linden Blvd,Jamaica,NY,11436
"8120 19th Ave, Brooklyn, NY 11214",1695000.0,3956.0,5.0,9.0,6683.0,1666880.0,40.608475,-73.99803,,"Cable Ready, Ceiling Fan, Deck, Flooring: Hardwood, Intercom, Parking: Garage - Attached, 1 space, Partial basement, Transportation",Washer,Dining room,"Exterior material: Brick, Stories: 2, Structure type: Contemporary, Unit count: 3",Living room,"Floor size: 3,956 sqft, Last remodel year: 1930, Laundry: In Unit, Parcel #: 062960040, Zillow Home ID: 30709571",8120 19th Ave,Brooklyn,NY,11214
"1423 83rd St, Brooklyn, NY 11228",1125000.0,1938.0,3.0,4.0,4435.0,1130.0,40.614239,-74.0091,,"Fenced Yard, Garden, Lawn, Parking: Carport, Patio","Dryer, Washer",,"Exterior material: Brick, Stories: 2, Unit count: 2",,"Floor size: 1,938 sqft, Last remodel year: 1950, Laundry: In Unit, Parcel #: 063040072, Zillow Home ID: 30709876",1423 83rd St,Brooklyn,NY,11228
"838 E 221st St # 1, Bronx, NY 10467",449000.0,,3.0,4.0,1721.0,478338.0,40.88352,-73.85775,,"Barbecue, Deck, Fenced Yard, Finished basement, Flooring: Hardwood, Mother-in-Law Apartment, Parking: Garage - Attached, 1 space, Patio, Transportation","Dishwasher, Microwave, Range / Oven, Refrigerator","Breakfast nook, Dining room, Family room, Laundry room, Office, Recreation room","Exterior material: Brick, Room count: 11, Stories: 3, Structure type: Colonial",,"Heating: Gas, Last remodel year: 2016, Zillow Home ID: 2096548913",838 E 221st St # 1,Bronx,NY,10467
"19140 113th Rd, Jamaica, NY 11412",489999.0,1560.0,2.0,3.0,1878.0,490699.0,40.69884,-73.76112,,"Parking: Garage - Detached, 300 sqft garage",Refrigerator,Dining room,"Exterior material: Vinyl, Wood, Roof type: Shake Shingle, Stories: 3, Structure type: Colonial","Detached/Attached: Det, Driveway: Pvt, Eat In Kitchen: Y, Picture: Y, STATUS: A, Water: Public, Attic: Y, Heat: Steam, Sewer: Y, Fuel: Gas, Last Status Change: PC, Zone: 15, # Fireplaces: 0, # Kitchens: 1, Dryer: 0, Washer: 0, County: Queens","Floor size: 1,560 sqft, Last remodel year: 2016, Parcel #: 109880025, Zillow Home ID: 32157550",19140 113th Rd,Jamaica,NY,11412
"65 W End Ave # 1, Brooklyn, NY 11235",525000.0,790.0,1.0,1.0,2013.0,521422.0,40.5801,-73.9533,,Elevator,Dishwasher,,Unit count: 5,,"Floor size: 790 sqft, Zillow Home ID: 2096333465",65 W End Ave # 1,Brooklyn,NY,11235
"12088 131st St, Jamaica, NY 11420",599000.0,1184.0,2.0,,2338.0,471983.0,40.672394,-73.807745,,,,,"Stories: 2, Unit count: 2",,"Floor size: 1,184 sqft, Last remodel year: 1925, Parcel #: 117540101, Zillow Home ID: 32176596",12088 131st St,Jamaica,NY,11420
"2621 Atlantic Ave, Brooklyn, NY 11207",1700000.0,2340.0,,,6702.0,582854.0,40.675965,-73.89769,,,,,Stories: 3,,"Floor size: 2,340 sqft, Parcel #: 036690040, Zillow Home ID: 30633936",2621 Atlantic Ave,Brooklyn,NY,11207
"1361 E 101st St, Brooklyn, NY 11236",679000.0,1416.0,2.0,4.0,2650.0,640817.0,40.6381,-73.888855,,Parking: Garage - Attached,,,"Stories: 4, Unit count: 1",,"Floor size: 1,416 sqft, Last remodel year: 1960, Parcel #: 082850018, Zillow Home ID: 30778581",1361 E 101st St,Brooklyn,NY,11236
"1361 -01 East 101st St, Brooklyn, NY 11234",679000.0,,2.0,4.0,2650.0,520170.0,40.638422,-73.889526,,,,,,,Zillow Home ID: 2096524628,1361 -01 East 101st St,Brooklyn,NY,11234
"1581 Pacific St, Brooklyn, NY 11213",1299000.0,3456.0,4.0,4.0,5121.0,1375214.0,40.677255,-73.938335,"Lot: 1,799 sqft, Multi Family, Built in 1910, 59 days on Zillow, Views since listing: 7,967, All time views: 8,618, 64 shoppers saved this home, Last sold: May 2007 for $662,500, Price/sqft: $376, MLS #: S9330241650","Fireplace, Flooring: Hardwood, Unfinished basement",Refrigerator,Dining room,"Stories: 0, Structure type: Contemporary, Unit count: 4","Class: Res, Fuel: Gas, Heat: Steam, Last Status Change: NEW, Picture: Y, STATUS: A, Detached: Att, Zone: 13, Dryer: 0, # Fireplaces: 0, Washer: 0, # Kitchens: 4, Basement: Kitchen, Basement: Full Bathroom, Basement: 1 Bedroom, County: Brooklyn, Basement: Dr","Floor size: 3,456 sqft, Last remodel year: 1910, Parcel #: 013340073, Zillow Home ID: 30595652",1581 Pacific St,Brooklyn,NY,11213
"33 W 56th St APT 4A, New York, NY 10019",2990000.0,1198.0,2.0,1.0,11788.0,2077688.0,40.763244,-73.976142,,"Doorman, Elevator, Fitness Center, Furnished","Dishwasher, Dryer, Washer",,"Stories: 17, Unit count: 47",,"Floor size: 1,198 sqft, Parcel #: 12721003, Zillow Home ID: 97539206",33 W 56th St APT 4A,New York,NY,10019
"11529 121st St, South Ozone Park, NY 11420",439000.0,,2.0,2.0,1683.0,468858.0,40.67666,-73.81751,,"Ceiling Fan, Fenced Yard, Finished basement, Flooring: Hardwood, Tile, Parking: Garage - Attached, Off street","Range / Oven, Refrigerator",Laundry room,"Exterior material: Brick, Stories: 2, Structure type: Contemporary",,"Heating: Gas, Zillow Home ID: 2097796884",11529 121st St,South Ozone Park,NY,11420
"2685 E 22nd St # 2B, Brooklyn, NY 11235",675000.0,1044.0,2.0,2.0,2634.0,645687.0,40.5866,-73.9468,,,,,Unit count: 1,,"Floor size: 1,044 sqft, Zillow Home ID: 2096501529",2685 E 22nd St # 2B,Brooklyn,NY,11235
"2619 Atlantic Ave, Brooklyn, NY 11207",2100000.0,3528.0,,,8279.0,702969.0,40.675955,-73.897775,,Fireplace,,,"Stories: 3, Unit count: 3",,"Floor size: 3,528 sqft, Lot depth: 81 ft, Lot width: 28 ft, Parcel #: 036690001, Zillow Home ID: 30633933",2619 Atlantic Ave,Brooklyn,NY,11207
"2623 Atlantic Ave, Brooklyn, NY 11207",1700000.0,2700.0,,,6702.0,652747.0,40.67597,-73.897629,,"Flooring: Hardwood, Transportation","Range / Oven, Refrigerator",,"Stories: 3, Unit count: 3","Business Center, Granite countertop, Stainless steel appliances","Floor size: 2,700 sqft, Lot depth: 89 ft, Lot width: 18 ft, Parcel #: 036690039, Zillow Home ID: 30633935",2623 Atlantic Ave,Brooklyn,NY,11207
"67 Brighton 11th St, Brooklyn, NY 11235",1100000.0,1880.0,3.0,5.0,4337.0,965084.0,40.58128,-73.95664,,"Attic, Barbecue, Cable Ready, Ceiling Fan, Deck, Fenced Yard, Fireplace, Flooring: Carpet, Hardwood, Laminate, Linoleum / Vinyl, Tile, Garden, Gated Entry, Greenhouse, Intercom, Jetted Tub, Lawn, Mother-in-Law Apartment, Parking: Carport, Garage - Attached, Off street, On street, 2 spaces, Patio, Porch, Security System, Skylight, Sprinkler System, Storage, Transportation, Vaulted Ceiling, View: City, Territorial, Wired","Dishwasher, Dryer, Freezer, Garbage disposal, Microwave, Range / Oven, Refrigerator, Trash compactor, Washer","Breakfast nook, Dining room, Family room, Laundry room, Library, Master bath, Mud room, Office, Recreation room, Solarium / Atrium, Sun room, Walk-in closet, Workshop","Exterior material: Brick, Cement concrete, Stucco, Room count: 9, Stories: 2, Structure type: Split level, Unit count: 2",,"Floor size: 1,880 sqft, Heating: Gas, Laundry: In Unit, Zillow Home ID: 2096968352",67 Brighton 11th St,Brooklyn,NY,11235
"2685 E 22nd St # 2D, Brooklyn, NY 11235",460000.0,665.0,1.0,1.0,1763.0,430022.0,40.5866,-73.9468,,,Dishwasher,,Unit count: 1,,"Floor size: 665 sqft, Zillow Home ID: 2096501530",2685 E 22nd St # 2D,Brooklyn,NY,11235
"27110 Grand Central Pkwy # PHC, Floral Park, NY 11005",1899000.0,,4.0,3.0,7487.0,1507121.0,40.7568,-73.7142,,"Doorman, Elevator, Pool",,,,,Zillow Home ID: 2098310180,27110 Grand Central Pkwy # PHC,Floral Park,NY,11005
"8265 165th St, Jamaica, NY 11432",829000.0,2000.0,3.0,3.0,3268.0,840307.0,40.717825,-73.80096,,"700 sqft basement, Finished basement, Flooring: Hardwood, Tile, Garden, Lawn, Parking: Garage - Attached, Garage - Detached, 250 sqft garage, Skylight, Storage","Dryer, Washer","Breakfast nook, Dining room, Walk-in closet","Exterior material: Brick, Roof type: Other, Room count: 8, Stories: 2, Structure type: Colonial, Unit count: 1","Guest parking, Living room","Floor size: 2,000 sqft, Heating: Gas, Last remodel year: 1930, Laundry: In Unit, Parcel #: 070450024, Zillow Home ID: 32077339",8265 165th St,Jamaica,NY,11432
"2130 E 18th St, Brooklyn, NY 11229",1198000.0,1320.0,1.0,3.0,4723.0,117.0,40.59837,-73.953555,,"Fenced Yard, Finished basement, Flooring: Hardwood, Garden, Lawn, Parking: Garage - Attached, Off street, On street, 3 spaces, Porch","Dryer, Freezer, Microwave, Range / Oven, Refrigerator, Washer","Dining room, Family room, Laundry room","Exterior material: Brick, Stories: 2",,"Floor size: 1,320 sqft, Last remodel year: 1925, Laundry: In Unit, Parcel #: 073500080, Zillow Home ID: 30744558",2130 E 18th St,Brooklyn,NY,11229
"11133 166th St # 1, Jamaica, NY 11433",449000.0,,3.0,3.0,1721.0,479871.0,40.69267,-73.78516,,,,,,,"Last remodel year: 2016, Zillow Home ID: 2097161019",11133 166th St # 1,Jamaica,NY,11433
"23928 148th Ave, Jamaica, NY 11422",429000.0,1400.0,2.0,3.0,1645.0,127.0,40.654484,-73.744335,,"800 sqft basement, Parking: Garage - Detached",,,Stories: 2,"Sewer Type: Municipal, Water Source Type: Municipal, Garage Type: Yes, HOA or Building Fee: 0.00, Bonus Room: yes","Floor size: 1,400 sqft, Last remodel year: 1991, Parcel #: 137430020, Zillow Home ID: 32213665",23928 148th Ave,Jamaica,NY,11422
"7764 79th Pl, Glendale, NY 11385",679000.0,1664.0,1.0,3.0,2650.0,589080.0,40.70504,-73.871005,,"Finished basement, Flooring: Carpet, Hardwood, Parking: Garage - Detached","Dishwasher, Dryer, Washer",Dining room,"Exterior material: Vinyl, Stories: 2, Structure type: Colonial, Unit count: 1",,"Floor size: 1,664 sqft, Heating: Gas, Last remodel year: 1920, Laundry: In Unit, Parcel #: 038160078, Zillow Home ID: 32017832",7764 79th Pl,Glendale,NY,11385
"1109 Ditmas Ave, Brooklyn, NY 11218",1996000.0,3381.0,5.0,8.0,7869.0,127.0,40.63586,-73.966905,,"Attic, Barbecue, Cable Ready, Ceiling Fan, Deck, Dock, Double Pane/Storm Windows, Fenced Yard, Finished basement, Fireplace, Flooring: Hardwood, Tile, Other, Furnished, Garden, Hot Tub/Spa, Intercom, Jetted Tub, Lawn, Mother-in-Law Apartment, Parking: Garage - Attached, Garage - Detached, On street, Patio, Porch, Sauna, Security System, Skylight, Sprinkler System, Storage, Transportation, View: Territorial, Wired","Dishwasher, Dryer, Freezer, Microwave, Range / Oven, Refrigerator, Washer","Breakfast nook, Dining room, Family room, Laundry room, Library, Master bath, Office, Pantry, Recreation room, Sun room, Walk-in closet, Workshop","Exterior material: Brick, Cement concrete, Composition, Other, Stone, Roof type: Other, Room count: 21, Stories: 3, Structure type: Other, Unit count: 2","Living room, Stainless steel appliances","Floor size: 3,381 sqft, Heating: Gas, Last remodel year: 2007, Laundry: In Unit, Parcel #: 051750046, Zillow Home ID: 30668152",1109 Ditmas Ave,Brooklyn,NY,11218
"2580 Schurz Ave, Bronx, NY 10465",1999000.0,3900.0,5.0,6.0,7881.0,978018.0,40.811773,-73.826089,,"Attic, Cable Ready, Dock, Double Pane/Storm Windows, Fenced Yard, Flooring: Hardwood, Garden, Lawn, Parking: Garage - Attached, 2 spaces, Patio, Security System, Skylight, Transportation, Unfinished basement, View: Water, Waterfront","Dishwasher, Dryer, Microwave, Range / Oven, Refrigerator, Washer","Dining room, Family room, Master bath, Walk-in closet","Exterior material: Brick, Stories: 3, Structure type: Colonial, Unit count: 1","Amenities: Close to Bus, Amenities: Close to Park, Amenities: Close to School, Amenities: Close to Shops, Garbage: Public, Heating Fuel: Natural Gas, Parking: Driveway, Property Type: Multi-Family 2-4, Status: Active, Water Description: Municipal, Amenities: 1st Floor Bedrm, Amenities: Patio, Post Office: Bronx, Siding Description: Brick, Village: Bronx, Amenities: Storage, Amenities: Water View, Attic Description: None, Style: Contemporary, Basement Description: Partially Finished, Parking: 4+ Car Detached, Amenities: Deck, Hotwater: Gas Stand Alone, Year Built Exception: Actual, Heating Type: Base Board, Parking: Garage Parking, Amenities: Fenced, Amenities: Waterfront, Amenities: Balcony, Sq Ft Source: Municipality, Amenities: Hardwood Floors As Seen, Amenities: Water Access, Air Conditioning: Wall Units, Amenities: Beach, Amenities: Golf Course, Sewer Description: Municipal, Construction Description: Block, Construction Description: Brick","Floor size: 3,900 sqft, Heating: Gas, Last remodel year: 1980, Laundry: In Unit, Parcel #: 056070077, Zillow Home ID: 29850020",2580 Schurz Ave,Bronx,NY,10465
"50 Brighton 1st Rd # I17DA, Brooklyn, NY 11235",619000.0,,2.0,2.0,2416.0,,40.57519,-73.96678,,"Elevator, Patio, Pool","Dishwasher, Microwave, Range / Oven, Refrigerator",,,,Zillow Home ID: 2096950140,50 Brighton 1st Rd # I17DA,Brooklyn,NY,11235
"2140 E 71st St, Brooklyn, NY 11234",995000.0,2100.0,3.0,5.0,3923.0,765204.0,40.61889,-73.906765,,"Barbecue, Fenced Yard, Lawn, Parking: Garage - Detached, 2 spaces, 400 sqft garage, Sprinkler System",,,"Exterior material: Brick, Roof type: Shake Shingle, Stories: 2, Structure type: Ranch, Unit count: 2",,"Floor size: 2,100 sqft, Last remodel year: 2005, Parcel #: 084300058, Zillow Home ID: 30782576",2140 E 71st St,Brooklyn,NY,11234
"1801 Mcgraw Ave, Bronx, NY 10472",100000.0,,3.0,4.0,396.0,406076.0,40.83428,-73.86661,,,Refrigerator,Dining room,"Stories: 0, Structure type: Colonial","Detached/Attached: Det, Driveway: Pvt, STATUS: A, Last Status Change: PC, County: O, Zone: 99, # Fireplaces: 0, Dryer: 0, Washer: 0, # Kitchens: 0, TEMPORARILY OFF MARKET (TOM): Y","Parcel #: 038810008, Zillow Home ID: 29798313",1801 Mcgraw Ave,Bronx,NY,10472
"660 Saint Nicholas Ave APT 43, New York, NY 10030",170000.0,370.0,1.0,1.0,666.0,4903968.0,40.822422,-73.945167,,,,,,,"Floor size: 370 sqft, Parcel #: 20510033006600000000043, Zillow Home ID: 124718916",660 Saint Nicholas Ave APT 43,New York,NY,10030
"25502 149th Ave, Jamaica, NY 11422",255700.0,,2.0,4.0,980.0,463294.0,40.652735,-73.73416,,Parking: Garage - Detached,,,Stories: 2,"Sewer Type: Municipal, Water Source Type: Municipal, Residential Style: Other, HOA or Building Fee: 0.00","Parcel #: 136690004, Zillow Home ID: 32212347",25502 149th Ave,Jamaica,NY,11422
"11915 193rd St, Jamaica, NY 11412",208300.0,,2.0,4.0,816.0,493219.0,40.689445,-73.756724,,,,,Stories: 3,"Sewer Type: Municipal, Water Source Type: Municipal, Residential Style: Other, HOA or Building Fee: 0.00","Parcel #: 126490057, Zillow Home ID: 32194532",11915 193rd St,Jamaica,NY,11412
"221 Cuba Ave, Staten Island, NY 10306",350000.0,1715.0,3.0,4.0,,471812.0,40.562912,-74.10947,,,"Dryer, Refrigerator, Washer",Dining room,"Stories: 0, Structure type: Contemporary","Class: Res, Detached/Attached: Det, Driveway: Pvt, Fuel: Gas, Last Status Change: NEW, STATUS: A, Heat: Hw, Short Sale?: Y, County: O, Zone: 99, # Fireplaces: 0, # Kitchens: 2","Floor size: 1,715 sqft, Laundry: In Unit, Parcel #: 040520054, Zillow Home ID: 32335020",221 Cuba Ave,Staten Island,NY,10306
